Execução,Distância Total,Melhor Caminho,Iterações,População,Mutação,Tentativas,Tempo de Execução,Algoritmo,Semente,Temperatura,Resfriamento
15,57.39373403743617,[7 1 8 3 2 9 4 0 5 6],500.0,50.0,0.2,40.0,0.2251405715942382,Algoritmo Genético,14,,
95,57.39373403743617,[7 1 8 3 2 9 4 0 5 6],500.0,50.0,0.2,40.0,0.2378075122833252,Algoritmo Genético,14,,
94,57.39373403743617,[7 1 8 3 2 9 4 0 5 6],500.0,50.0,0.2,40.0,0.2486312389373779,Algoritmo Genético,14,,
16,57.39373403743617,[7 1 8 3 2 9 4 0 5 6],500.0,50.0,0.2,40.0,0.2716014385223388,Algoritmo Genético,14,,
14,57.39373403743617,[7 1 8 3 2 9 4 0 5 6],500.0,50.0,0.2,40.0,0.2764110565185547,Algoritmo Genético,14,,
17,57.39373403743617,[7 1 8 3 2 9 4 0 5 6],500.0,50.0,0.2,40.0,0.2804450988769531,Algoritmo Genético,14,,
38,57.39373403743617,[7 1 8 3 2 9 4 0 5 6],500.0,50.0,0.2,40.0,0.294600248336792,Algoritmo Genético,14,,
96,57.39373403743617,[7 1 8 3 2 9 4 0 5 6],500.0,50.0,0.2,40.0,0.3127059936523437,Algoritmo Genético,14,,
74,57.39373403743617,[7 1 8 3 2 9 4 0 5 6],500.0,50.0,0.2,40.0,0.3148455619812011,Algoritmo Genético,14,,
91,57.39373403743617,[7 1 8 3 2 9 4 0 5 6],500.0,50.0,0.2,40.0,0.3328127861022949,Algoritmo Genético,14,,
24,57.39373403743617,[7 1 8 3 2 9 4 0 5 6],500.0,50.0,0.2,40.0,0.3405940532684326,Algoritmo Genético,14,,
4,57.39373403743617,[7 1 8 3 2 9 4 0 5 6],500.0,50.0,0.2,40.0,0.341064453125,Algoritmo Genético,14,,
87,57.39373403743617,[7 1 8 3 2 9 4 0 5 6],500.0,50.0,0.2,40.0,0.3529078960418701,Algoritmo Genético,14,,
73,57.39373403743617,[7 1 8 3 2 9 4 0 5 6],500.0,50.0,0.2,40.0,0.365617036819458,Algoritmo Genético,14,,
22,57.39373403743617,[7 1 8 3 2 9 4 0 5 6],500.0,50.0,0.2,40.0,0.4272048473358154,Algoritmo Genético,14,,
62,57.39373403743617,[7 1 8 3 2 9 4 0 5 6],500.0,50.0,0.2,40.0,0.4325382709503174,Algoritmo Genético,14,,
57,57.39373403743617,[7 1 8 3 2 9 4 0 5 6],500.0,50.0,0.2,40.0,0.4405694007873535,Algoritmo Genético,14,,
86,57.39373403743617,[7 1 8 3 2 9 4 0 5 6],500.0,50.0,0.2,40.0,0.4484524726867676,Algoritmo Genético,14,,
5,57.39373403743617,[7 1 8 3 2 9 4 0 5 6],500.0,50.0,0.2,40.0,0.4646627902984619,Algoritmo Genético,14,,
40,57.39373403743617,[7 1 8 3 2 9 4 0 5 6],500.0,50.0,0.2,40.0,0.4830069541931152,Algoritmo Genético,14,,
77,57.39373403743617,[7 1 8 3 2 9 4 0 5 6],500.0,50.0,0.2,40.0,0.4851601123809814,Algoritmo Genético,14,,
18,57.39373403743617,[7 1 8 3 2 9 4 0 5 6],500.0,50.0,0.2,40.0,0.492218017578125,Algoritmo Genético,14,,
82,57.39373403743617,[7 1 8 3 2 9 4 0 5 6],500.0,50.0,0.2,40.0,0.4922769069671631,Algoritmo Genético,14,,
78,57.39373403743617,[7 1 8 3 2 9 4 0 5 6],500.0,50.0,0.2,40.0,0.5405151844024658,Algoritmo Genético,14,,
1,57.39373403743617,[7 1 8 3 2 9 4 0 5 6],500.0,50.0,0.2,40.0,0.6885321140289307,Algoritmo Genético,14,,
39,57.39373403743617,[7 1 8 3 2 9 4 0 5 6],500.0,50.0,0.2,40.0,0.6919398307800293,Algoritmo Genético,14,,
50,57.39373403743617,[7 1 8 3 2 9 4 0 5 6],500.0,50.0,0.2,40.0,0.7103297710418701,Algoritmo Genético,14,,
31,57.39373403743617,[7 1 8 3 2 9 4 0 5 6],500.0,50.0,0.2,40.0,0.7655572891235352,Algoritmo Genético,14,,
36,57.39373403743617,[7 1 8 3 2 9 4 0 5 6],500.0,50.0,0.2,40.0,0.7785873413085938,Algoritmo Genético,14,,
61,57.39373403743617,[7 1 8 3 2 9 4 0 5 6],500.0,50.0,0.2,40.0,0.8460252285003662,Algoritmo Genético,14,,
54,57.39373403743617,[7 1 8 3 2 9 4 0 5 6],500.0,50.0,0.2,40.0,0.8704535961151123,Algoritmo Genético,14,,
0,57.39373403743617,[7 1 8 3 2 9 4 0 5 6],500.0,50.0,0.2,40.0,0.9148311614990234,Algoritmo Genético,14,,
2,57.39373403743617,[7 1 8 3 2 9 4 0 5 6],500.0,50.0,0.2,40.0,1.0465803146362305,Algoritmo Genético,14,,
55,57.39373403743617,[7 1 8 3 2 9 4 0 5 6],500.0,50.0,0.2,40.0,1.495142698287964,Algoritmo Genético,14,,
19,57.570038725767176,[6 5 0 4 9 2 3 8 1 7],500.0,50.0,0.2,40.0,0.2317643165588379,Algoritmo Genético,14,,
69,57.570038725767176,[6 5 0 4 9 2 3 8 1 7],500.0,50.0,0.2,40.0,0.2868883609771728,Algoritmo Genético,14,,
68,57.570038725767176,[6 5 0 4 9 2 3 8 1 7],500.0,50.0,0.2,40.0,0.2906033992767334,Algoritmo Genético,14,,
83,57.570038725767176,[6 5 0 4 9 2 3 8 1 7],500.0,50.0,0.2,40.0,0.3488473892211914,Algoritmo Genético,14,,
92,57.570038725767176,[6 5 0 4 9 2 3 8 1 7],500.0,50.0,0.2,40.0,0.3556175231933594,Algoritmo Genético,14,,
67,57.570038725767176,[6 5 0 4 9 2 3 8 1 7],500.0,50.0,0.2,40.0,0.3618648052215576,Algoritmo Genético,14,,
27,57.570038725767176,[6 5 0 4 9 2 3 8 1 7],500.0,50.0,0.2,40.0,0.3661606311798095,Algoritmo Genético,14,,
21,57.570038725767176,[6 5 0 4 9 2 3 8 1 7],500.0,50.0,0.2,40.0,0.3726265430450439,Algoritmo Genético,14,,
7,57.570038725767176,[6 5 0 4 9 2 3 8 1 7],500.0,50.0,0.2,40.0,0.3970813751220703,Algoritmo Genético,14,,
93,57.570038725767176,[6 5 0 4 9 2 3 8 1 7],500.0,50.0,0.2,40.0,0.4313576221466064,Algoritmo Genético,14,,
10,57.570038725767176,[6 5 0 4 9 2 3 8 1 7],500.0,50.0,0.2,40.0,0.5143952369689941,Algoritmo Genético,14,,
29,57.570038725767176,[6 5 0 4 9 2 3 8 1 7],500.0,50.0,0.2,40.0,0.6191873550415039,Algoritmo Genético,14,,
56,57.570038725767176,[6 5 0 4 9 2 3 8 1 7],500.0,50.0,0.2,40.0,0.6266622543334961,Algoritmo Genético,14,,
44,57.570038725767176,[6 5 0 4 9 2 3 8 1 7],500.0,50.0,0.2,40.0,0.6362359523773193,Algoritmo Genético,14,,
33,57.570038725767176,[6 5 0 4 9 2 3 8 1 7],500.0,50.0,0.2,40.0,0.7236342430114746,Algoritmo Genético,14,,
49,57.570038725767176,[6 5 0 4 9 2 3 8 1 7],500.0,50.0,0.2,40.0,0.9949615001678468,Algoritmo Genético,14,,
32,57.570038725767176,[6 5 0 4 9 2 3 8 1 7],500.0,50.0,0.2,40.0,1.0493621826171875,Algoritmo Genético,14,,
46,57.570038725767176,[6 5 0 4 9 2 3 8 1 7],500.0,50.0,0.2,40.0,1.0711405277252195,Algoritmo Genético,14,,
8,58.23208204172836,[4 0 5 6 2 9 3 8 1 7],500.0,50.0,0.2,40.0,0.2480952739715576,Algoritmo Genético,14,,
65,58.23208204172836,[4 0 5 6 2 9 3 8 1 7],500.0,50.0,0.2,40.0,0.2636759281158447,Algoritmo Genético,14,,
23,58.23208204172836,[4 0 5 6 2 9 3 8 1 7],500.0,50.0,0.2,40.0,0.2693009376525879,Algoritmo Genético,14,,
97,58.23208204172836,[4 0 5 6 2 9 3 8 1 7],500.0,50.0,0.2,40.0,0.276057481765747,Algoritmo Genético,14,,
71,58.23208204172836,[4 0 5 6 2 9 3 8 1 7],500.0,50.0,0.2,40.0,0.2779746055603027,Algoritmo Genético,14,,
90,58.23208204172836,[4 0 5 6 2 9 3 8 1 7],500.0,50.0,0.2,40.0,0.3681113719940185,Algoritmo Genético,14,,
80,58.23208204172836,[4 0 5 6 2 9 3 8 1 7],500.0,50.0,0.2,40.0,0.3780865669250488,Algoritmo Genético,14,,
79,58.23208204172836,[4 0 5 6 2 9 3 8 1 7],500.0,50.0,0.2,40.0,0.3914809226989746,Algoritmo Genético,14,,
45,58.23208204172836,[4 0 5 6 2 9 3 8 1 7],500.0,50.0,0.2,40.0,0.4716413021087646,Algoritmo Genético,14,,
52,58.23208204172836,[4 0 5 6 2 9 3 8 1 7],500.0,50.0,0.2,40.0,0.9773030281066896,Algoritmo Genético,14,,
60,58.23208204172836,[4 0 5 6 2 9 3 8 1 7],500.0,50.0,0.2,40.0,1.1207938194274902,Algoritmo Genético,14,,
30,58.23208204172836,[4 0 5 6 2 9 3 8 1 7],500.0,50.0,0.2,40.0,1.6006996631622314,Algoritmo Genético,14,,
88,58.41040147198835,[4 0 5 6 2 9 8 3 7 1],500.0,50.0,0.2,40.0,0.2946949005126953,Algoritmo Genético,14,,
66,58.41040147198835,[4 0 5 6 2 9 8 3 7 1],500.0,50.0,0.2,40.0,0.3743536472320556,Algoritmo Genético,14,,
98,58.41040147198835,[4 0 5 6 2 9 8 3 7 1],500.0,50.0,0.2,40.0,0.389136791229248,Algoritmo Genético,14,,
13,58.41040147198835,[4 0 5 6 2 9 8 3 7 1],500.0,50.0,0.2,40.0,0.4825537204742431,Algoritmo Genético,14,,
25,58.41040147198835,[4 0 5 6 2 9 8 3 7 1],500.0,50.0,0.2,40.0,0.537219762802124,Algoritmo Genético,14,,
70,58.41040147198835,[4 0 5 6 2 9 8 3 7 1],500.0,50.0,0.2,40.0,0.5389003753662109,Algoritmo Genético,14,,
64,58.48238746408419,[7 1 8 3 9 2 6 5 0 4],500.0,50.0,0.2,40.0,0.209996223449707,Algoritmo Genético,14,,
20,58.48238746408419,[7 1 8 3 9 2 6 5 0 4],500.0,50.0,0.2,40.0,0.2336201667785644,Algoritmo Genético,14,,
72,58.48238746408419,[7 1 8 3 9 2 6 5 0 4],500.0,50.0,0.2,40.0,0.2658236026763916,Algoritmo Genético,14,,
85,58.48238746408419,[7 1 8 3 9 2 6 5 0 4],500.0,50.0,0.2,40.0,0.302156925201416,Algoritmo Genético,14,,
99,58.48238746408419,[7 1 8 3 9 2 6 5 0 4],500.0,50.0,0.2,40.0,0.3037443161010742,Algoritmo Genético,14,,
76,58.48238746408419,[7 1 8 3 9 2 6 5 0 4],500.0,50.0,0.2,40.0,0.3123788833618164,Algoritmo Genético,14,,
12,58.48238746408419,[7 1 8 3 9 2 6 5 0 4],500.0,50.0,0.2,40.0,0.3208920955657959,Algoritmo Genético,14,,
41,58.48238746408419,[7 1 8 3 9 2 6 5 0 4],500.0,50.0,0.2,40.0,0.3423566818237304,Algoritmo Genético,14,,
81,58.48238746408419,[7 1 8 3 9 2 6 5 0 4],500.0,50.0,0.2,40.0,0.385089635848999,Algoritmo Genético,14,,
42,58.48238746408419,[7 1 8 3 9 2 6 5 0 4],500.0,50.0,0.2,40.0,0.4047396183013916,Algoritmo Genético,14,,
37,58.48238746408419,[7 1 8 3 9 2 6 5 0 4],500.0,50.0,0.2,40.0,0.4781298637390136,Algoritmo Genético,14,,
47,58.48238746408419,[7 1 8 3 9 2 6 5 0 4],500.0,50.0,0.2,40.0,0.5274479389190674,Algoritmo Genético,14,,
53,58.48238746408419,[7 1 8 3 9 2 6 5 0 4],500.0,50.0,0.2,40.0,0.8816206455230713,Algoritmo Genético,14,,
84,58.9677419393698,[1 7 3 8 9 2 6 5 0 4],500.0,50.0,0.2,40.0,0.2824416160583496,Algoritmo Genético,14,,
63,58.9677419393698,[1 7 3 8 9 2 6 5 0 4],500.0,50.0,0.2,40.0,0.3424215316772461,Algoritmo Genético,14,,
28,58.9677419393698,[1 7 3 8 9 2 6 5 0 4],500.0,50.0,0.2,40.0,0.3936100006103515,Algoritmo Genético,14,,
6,58.9677419393698,[1 7 3 8 9 2 6 5 0 4],500.0,50.0,0.2,40.0,0.4084987640380859,Algoritmo Genético,14,,
59,62.682206983659086,[7 1 4 9 8 3 2 5 0 6],500.0,50.0,0.2,40.0,0.2786638736724853,Algoritmo Genético,14,,
3,62.682206983659086,[7 1 4 9 8 3 2 5 0 6],500.0,50.0,0.2,40.0,0.2994012832641601,Algoritmo Genético,14,,
43,62.682206983659086,[7 1 4 9 8 3 2 5 0 6],500.0,50.0,0.2,40.0,0.3132224082946777,Algoritmo Genético,14,,
58,62.682206983659086,[7 1 4 9 8 3 2 5 0 6],500.0,50.0,0.2,40.0,0.443713903427124,Algoritmo Genético,14,,
75,62.78256766099062,[4 1 7 3 8 9 2 5 0 6],500.0,50.0,0.2,40.0,0.3253121376037597,Algoritmo Genético,14,,
34,63.17992076767302,[6 0 5 2 3 7 1 8 9 4],500.0,50.0,0.2,40.0,0.7172319889068604,Algoritmo Genético,14,,
11,63.29007231520567,[1 8 9 4 0 5 6 2 3 7],500.0,50.0,0.2,40.0,0.2669289112091064,Algoritmo Genético,14,,
9,63.50558162934578,[7 1 4 0 5 6 2 9 8 3],500.0,50.0,0.2,40.0,0.324617862701416,Algoritmo Genético,14,,
89,63.50558162934578,[7 1 4 0 5 6 2 9 8 3],500.0,50.0,0.2,40.0,0.4692842960357666,Algoritmo Genético,14,,
48,63.50558162934578,[7 1 4 0 5 6 2 9 8 3],500.0,50.0,0.2,40.0,0.5846786499023438,Algoritmo Genético,14,,
51,64.14224054698659,[6 2 9 4 0 5 3 8 1 7],500.0,50.0,0.2,40.0,0.7143425941467285,Algoritmo Genético,14,,
35,64.89019556228854,[6 2 3 7 1 8 9 5 0 4],500.0,50.0,0.2,40.0,0.7629759311676025,Algoritmo Genético,14,,
26,65.2702071697249,[1 8 2 6 5 0 4 9 3 7],500.0,50.0,0.2,40.0,0.4346599578857422,Algoritmo Genético,14,,
64,62.27941050341416,[1 3 9 4 8 7 2 0 5 6],500.0,50.0,0.2,40.0,0.3206229209899902,Algoritmo Genético,87,,
40,62.27941050341416,[1 3 9 4 8 7 2 0 5 6],500.0,50.0,0.2,40.0,0.3582708835601806,Algoritmo Genético,87,,
63,62.27941050341416,[1 3 9 4 8 7 2 0 5 6],500.0,50.0,0.2,40.0,0.3780725002288818,Algoritmo Genético,87,,
5,62.27941050341416,[1 3 9 4 8 7 2 0 5 6],500.0,50.0,0.2,40.0,0.3866596221923828,Algoritmo Genético,87,,
3,62.27941050341416,[1 3 9 4 8 7 2 0 5 6],500.0,50.0,0.2,40.0,0.4157929420471191,Algoritmo Genético,87,,
82,62.27941050341416,[1 3 9 4 8 7 2 0 5 6],500.0,50.0,0.2,40.0,0.4272551536560058,Algoritmo Genético,87,,
76,62.27941050341416,[1 3 9 4 8 7 2 0 5 6],500.0,50.0,0.2,40.0,0.4411747455596924,Algoritmo Genético,87,,
19,62.27941050341416,[1 3 9 4 8 7 2 0 5 6],500.0,50.0,0.2,40.0,0.4941096305847168,Algoritmo Genético,87,,
17,62.27941050341416,[1 3 9 4 8 7 2 0 5 6],500.0,50.0,0.2,40.0,0.5140528678894043,Algoritmo Genético,87,,
92,62.27941050341416,[1 3 9 4 8 7 2 0 5 6],500.0,50.0,0.2,40.0,0.6012570858001709,Algoritmo Genético,87,,
77,62.27941050341416,[1 3 9 4 8 7 2 0 5 6],500.0,50.0,0.2,40.0,0.6161177158355713,Algoritmo Genético,87,,
91,62.27941050341416,[1 3 9 4 8 7 2 0 5 6],500.0,50.0,0.2,40.0,0.6189196109771729,Algoritmo Genético,87,,
42,62.27941050341416,[1 3 9 4 8 7 2 0 5 6],500.0,50.0,0.2,40.0,0.6558077335357666,Algoritmo Genético,87,,
67,62.27941050341416,[1 3 9 4 8 7 2 0 5 6],500.0,50.0,0.2,40.0,0.730940580368042,Algoritmo Genético,87,,
51,62.27941050341416,[1 3 9 4 8 7 2 0 5 6],500.0,50.0,0.2,40.0,0.7615823745727539,Algoritmo Genético,87,,
93,62.27941050341416,[1 3 9 4 8 7 2 0 5 6],500.0,50.0,0.2,40.0,0.8869724273681641,Algoritmo Genético,87,,
31,62.27941050341416,[1 3 9 4 8 7 2 0 5 6],500.0,50.0,0.2,40.0,0.8986077308654785,Algoritmo Genético,87,,
45,62.27941050341416,[1 3 9 4 8 7 2 0 5 6],500.0,50.0,0.2,40.0,0.94968581199646,Algoritmo Genético,87,,
74,62.27941050341416,[1 3 9 4 8 7 2 0 5 6],500.0,50.0,0.2,40.0,1.1216740608215332,Algoritmo Genético,87,,
22,62.27941050341416,[1 3 9 4 8 7 2 0 5 6],500.0,50.0,0.2,40.0,1.814544677734375,Algoritmo Genético,87,,
94,62.27941050341416,[1 3 9 4 8 7 2 0 5 6],500.0,50.0,0.2,40.0,1.881553173065185,Algoritmo Genético,87,,
11,63.5238716304319,[3 1 4 9 8 7 2 0 5 6],500.0,50.0,0.2,40.0,0.3842735290527344,Algoritmo Genético,87,,
30,63.5238716304319,[3 1 4 9 8 7 2 0 5 6],500.0,50.0,0.2,40.0,0.5654740333557129,Algoritmo Genético,87,,
85,63.5238716304319,[3 1 4 9 8 7 2 0 5 6],500.0,50.0,0.2,40.0,0.5788528919219971,Algoritmo Genético,87,,
61,63.82018693215558,[2 7 8 4 9 3 1 0 5 6],500.0,50.0,0.2,40.0,0.3317060470581054,Algoritmo Genético,87,,
66,63.82018693215558,[2 7 8 4 9 3 1 0 5 6],500.0,50.0,0.2,40.0,0.3400905132293701,Algoritmo Genético,87,,
0,63.82018693215558,[2 7 8 4 9 3 1 0 5 6],500.0,50.0,0.2,40.0,0.3524041175842285,Algoritmo Genético,87,,
7,63.82018693215558,[2 7 8 4 9 3 1 0 5 6],500.0,50.0,0.2,40.0,0.3608102798461914,Algoritmo Genético,87,,
38,63.82018693215558,[2 7 8 4 9 3 1 0 5 6],500.0,50.0,0.2,40.0,0.3770008087158203,Algoritmo Genético,87,,
39,63.82018693215558,[2 7 8 4 9 3 1 0 5 6],500.0,50.0,0.2,40.0,0.4414877891540527,Algoritmo Genético,87,,
28,63.82018693215558,[2 7 8 4 9 3 1 0 5 6],500.0,50.0,0.2,40.0,0.5026426315307617,Algoritmo Genético,87,,
52,63.82018693215558,[2 7 8 4 9 3 1 0 5 6],500.0,50.0,0.2,40.0,0.5091631412506104,Algoritmo Genético,87,,
18,63.82018693215558,[2 7 8 4 9 3 1 0 5 6],500.0,50.0,0.2,40.0,0.6058831214904785,Algoritmo Genético,87,,
88,63.82018693215558,[2 7 8 4 9 3 1 0 5 6],500.0,50.0,0.2,40.0,0.7960643768310547,Algoritmo Genético,87,,
9,63.82018693215558,[2 7 8 4 9 3 1 0 5 6],500.0,50.0,0.2,40.0,0.8869795799255371,Algoritmo Genético,87,,
10,64.703920592455,[7 2 8 4 9 3 1 0 5 6],500.0,50.0,0.2,40.0,0.6397171020507812,Algoritmo Genético,87,,
58,64.7535167316519,[6 5 0 2 7 8 4 9 3 1],500.0,50.0,0.2,40.0,0.2885663509368896,Algoritmo Genético,87,,
65,64.7535167316519,[6 5 0 2 7 8 4 9 3 1],500.0,50.0,0.2,40.0,0.3123316764831543,Algoritmo Genético,87,,
12,64.7535167316519,[6 5 0 2 7 8 4 9 3 1],500.0,50.0,0.2,40.0,0.3125550746917724,Algoritmo Genético,87,,
27,64.7535167316519,[6 5 0 2 7 8 4 9 3 1],500.0,50.0,0.2,40.0,0.3321926593780517,Algoritmo Genético,87,,
50,64.7535167316519,[6 5 0 2 7 8 4 9 3 1],500.0,50.0,0.2,40.0,0.3398563861846924,Algoritmo Genético,87,,
14,64.7535167316519,[6 5 0 2 7 8 4 9 3 1],500.0,50.0,0.2,40.0,0.3419363498687744,Algoritmo Genético,87,,
8,64.7535167316519,[6 5 0 2 7 8 4 9 3 1],500.0,50.0,0.2,40.0,0.3493115901947021,Algoritmo Genético,87,,
84,64.7535167316519,[6 5 0 2 7 8 4 9 3 1],500.0,50.0,0.2,40.0,0.3665308952331543,Algoritmo Genético,87,,
69,64.7535167316519,[6 5 0 2 7 8 4 9 3 1],500.0,50.0,0.2,40.0,0.3738133907318115,Algoritmo Genético,87,,
89,64.7535167316519,[6 5 0 2 7 8 4 9 3 1],500.0,50.0,0.2,40.0,0.3903768062591553,Algoritmo Genético,87,,
57,64.7535167316519,[6 5 0 2 7 8 4 9 3 1],500.0,50.0,0.2,40.0,0.3947203159332275,Algoritmo Genético,87,,
37,64.7535167316519,[6 5 0 2 7 8 4 9 3 1],500.0,50.0,0.2,40.0,0.4003934860229492,Algoritmo Genético,87,,
32,64.7535167316519,[6 5 0 2 7 8 4 9 3 1],500.0,50.0,0.2,40.0,0.4109537601470947,Algoritmo Genético,87,,
60,64.7535167316519,[6 5 0 2 7 8 4 9 3 1],500.0,50.0,0.2,40.0,0.4161667823791504,Algoritmo Genético,87,,
56,64.7535167316519,[6 5 0 2 7 8 4 9 3 1],500.0,50.0,0.2,40.0,0.4519040584564209,Algoritmo Genético,87,,
53,64.7535167316519,[6 5 0 2 7 8 4 9 3 1],500.0,50.0,0.2,40.0,0.4581367969512939,Algoritmo Genético,87,,
2,64.7535167316519,[6 5 0 2 7 8 4 9 3 1],500.0,50.0,0.2,40.0,0.4872064590454101,Algoritmo Genético,87,,
24,64.7535167316519,[6 5 0 2 7 8 4 9 3 1],500.0,50.0,0.2,40.0,0.4919159412384033,Algoritmo Genético,87,,
35,64.7535167316519,[6 5 0 2 7 8 4 9 3 1],500.0,50.0,0.2,40.0,0.521634578704834,Algoritmo Genético,87,,
68,64.7535167316519,[6 5 0 2 7 8 4 9 3 1],500.0,50.0,0.2,40.0,0.5564358234405518,Algoritmo Genético,87,,
41,64.7535167316519,[6 5 0 2 7 8 4 9 3 1],500.0,50.0,0.2,40.0,0.5996494293212891,Algoritmo Genético,87,,
80,64.7535167316519,[6 5 0 2 7 8 4 9 3 1],500.0,50.0,0.2,40.0,0.6118745803833008,Algoritmo Genético,87,,
75,64.7535167316519,[6 5 0 2 7 8 4 9 3 1],500.0,50.0,0.2,40.0,0.6154038906097412,Algoritmo Genético,87,,
95,64.7535167316519,[6 5 0 2 7 8 4 9 3 1],500.0,50.0,0.2,40.0,0.62465500831604,Algoritmo Genético,87,,
36,64.7535167316519,[6 5 0 2 7 8 4 9 3 1],500.0,50.0,0.2,40.0,0.6247086524963379,Algoritmo Genético,87,,
20,64.7535167316519,[6 5 0 2 7 8 4 9 3 1],500.0,50.0,0.2,40.0,0.7948336601257324,Algoritmo Genético,87,,
97,64.7535167316519,[6 5 0 2 7 8 4 9 3 1],500.0,50.0,0.2,40.0,0.8035845756530762,Algoritmo Genético,87,,
90,64.7535167316519,[6 5 0 2 7 8 4 9 3 1],500.0,50.0,0.2,40.0,0.8183777332305908,Algoritmo Genético,87,,
71,64.7535167316519,[6 5 0 2 7 8 4 9 3 1],500.0,50.0,0.2,40.0,1.052699327468872,Algoritmo Genético,87,,
23,64.7535167316519,[6 5 0 2 7 8 4 9 3 1],500.0,50.0,0.2,40.0,1.607622146606445,Algoritmo Genético,87,,
16,65.02771435337499,[6 5 0 1 3 9 4 8 7 2],500.0,50.0,0.2,40.0,0.3373301029205322,Algoritmo Genético,87,,
13,65.02771435337499,[6 5 0 1 3 9 4 8 7 2],500.0,50.0,0.2,40.0,0.3389782905578613,Algoritmo Genético,87,,
6,65.02771435337499,[6 5 0 1 3 9 4 8 7 2],500.0,50.0,0.2,40.0,0.3573246002197265,Algoritmo Genético,87,,
1,65.02771435337499,[6 5 0 1 3 9 4 8 7 2],500.0,50.0,0.2,40.0,0.3787169456481933,Algoritmo Genético,87,,
62,65.02771435337499,[6 5 0 1 3 9 4 8 7 2],500.0,50.0,0.2,40.0,0.403416633605957,Algoritmo Genético,87,,
79,65.02771435337499,[6 5 0 1 3 9 4 8 7 2],500.0,50.0,0.2,40.0,0.448772668838501,Algoritmo Genético,87,,
4,65.02771435337499,[6 5 0 1 3 9 4 8 7 2],500.0,50.0,0.2,40.0,0.4543142318725586,Algoritmo Genético,87,,
47,65.02771435337499,[6 5 0 1 3 9 4 8 7 2],500.0,50.0,0.2,40.0,0.4746012687683105,Algoritmo Genético,87,,
33,65.02771435337499,[6 5 0 1 3 9 4 8 7 2],500.0,50.0,0.2,40.0,0.504530668258667,Algoritmo Genético,87,,
26,65.02771435337499,[6 5 0 1 3 9 4 8 7 2],500.0,50.0,0.2,40.0,0.5638110637664795,Algoritmo Genético,87,,
98,65.02771435337499,[6 5 0 1 3 9 4 8 7 2],500.0,50.0,0.2,40.0,0.6010622978210449,Algoritmo Genético,87,,
46,65.02771435337499,[6 5 0 1 3 9 4 8 7 2],500.0,50.0,0.2,40.0,0.6229770183563232,Algoritmo Genético,87,,
25,65.02771435337499,[6 5 0 1 3 9 4 8 7 2],500.0,50.0,0.2,40.0,0.8519785404205322,Algoritmo Genético,87,,
73,65.02771435337499,[6 5 0 1 3 9 4 8 7 2],500.0,50.0,0.2,40.0,1.075352430343628,Algoritmo Genético,87,,
43,65.02771435337499,[6 5 0 1 3 9 4 8 7 2],500.0,50.0,0.2,40.0,1.5487875938415527,Algoritmo Genético,87,,
99,66.21332209857488,[6 5 0 4 1 3 9 8 7 2],500.0,50.0,0.2,40.0,0.4085152149200439,Algoritmo Genético,87,,
96,66.21332209857488,[6 5 0 4 1 3 9 8 7 2],500.0,50.0,0.2,40.0,0.4257464408874511,Algoritmo Genético,87,,
15,66.21332209857488,[6 5 0 4 1 3 9 8 7 2],500.0,50.0,0.2,40.0,0.4396495819091797,Algoritmo Genético,87,,
81,66.21332209857488,[6 5 0 4 1 3 9 8 7 2],500.0,50.0,0.2,40.0,0.4760308265686035,Algoritmo Genético,87,,
83,66.21332209857488,[6 5 0 4 1 3 9 8 7 2],500.0,50.0,0.2,40.0,0.5194449424743652,Algoritmo Genético,87,,
44,66.21332209857488,[6 5 0 4 1 3 9 8 7 2],500.0,50.0,0.2,40.0,0.7969200611114502,Algoritmo Genético,87,,
86,69.73795785829189,[9 8 7 2 4 3 1 0 5 6],500.0,50.0,0.2,40.0,0.3174548149108886,Algoritmo Genético,87,,
21,69.73795785829189,[9 8 7 2 4 3 1 0 5 6],500.0,50.0,0.2,40.0,0.914541482925415,Algoritmo Genético,87,,
59,71.6298886356218,[8 4 9 3 1 0 5 6 2 7],500.0,50.0,0.2,40.0,0.3779458999633789,Algoritmo Genético,87,,
49,71.6298886356218,[8 4 9 3 1 0 5 6 2 7],500.0,50.0,0.2,40.0,0.4206042289733886,Algoritmo Genético,87,,
34,72.32370499368955,[1 3 9 8 4 0 5 6 2 7],500.0,50.0,0.2,40.0,0.5435771942138672,Algoritmo Genético,87,,
87,72.32370499368955,[1 3 9 8 4 0 5 6 2 7],500.0,50.0,0.2,40.0,0.6594831943511963,Algoritmo Genético,87,,
55,72.32370499368955,[1 3 9 8 4 0 5 6 2 7],500.0,50.0,0.2,40.0,0.8831381797790527,Algoritmo Genético,87,,
29,72.32370499368955,[1 3 9 8 4 0 5 6 2 7],500.0,50.0,0.2,40.0,0.9053268432617188,Algoritmo Genético,87,,
72,73.60985423898977,[7 2 6 5 0 1 3 9 4 8],500.0,50.0,0.2,40.0,0.7325654029846191,Algoritmo Genético,87,,
78,73.96662035031011,[4 9 3 1 0 5 6 2 7 8],500.0,50.0,0.2,40.0,0.3777244091033935,Algoritmo Genético,87,,
48,74.63885292527979,[8 7 2 6 5 0 4 9 3 1],500.0,50.0,0.2,40.0,0.5002255439758301,Algoritmo Genético,87,,
70,74.63885292527979,[8 7 2 6 5 0 4 9 3 1],500.0,50.0,0.2,40.0,0.5697104930877686,Algoritmo Genético,87,,
54,75.81862008123318,[4 8 7 2 6 5 0 1 3 9],500.0,50.0,0.2,40.0,0.2548320293426513,Algoritmo Genético,87,,
8,55.86426018969545,[0 6 7 8 4 2 9 1 5 3],500.0,50.0,0.2,40.0,0.3426384925842285,Algoritmo Genético,52,,
54,55.86426018969545,[0 6 7 8 4 2 9 1 5 3],500.0,50.0,0.2,40.0,0.3584449291229248,Algoritmo Genético,52,,
57,55.86426018969545,[0 6 7 8 4 2 9 1 5 3],500.0,50.0,0.2,40.0,0.3679111003875732,Algoritmo Genético,52,,
11,55.86426018969545,[0 6 7 8 4 2 9 1 5 3],500.0,50.0,0.2,40.0,0.3745505809783935,Algoritmo Genético,52,,
15,55.86426018969545,[0 6 7 8 4 2 9 1 5 3],500.0,50.0,0.2,40.0,0.393359899520874,Algoritmo Genético,52,,
40,55.86426018969545,[0 6 7 8 4 2 9 1 5 3],500.0,50.0,0.2,40.0,0.4503703117370605,Algoritmo Genético,52,,
94,55.86426018969545,[0 6 7 8 4 2 9 1 5 3],500.0,50.0,0.2,40.0,0.4583902359008789,Algoritmo Genético,52,,
76,55.86426018969545,[0 6 7 8 4 2 9 1 5 3],500.0,50.0,0.2,40.0,0.4823696613311767,Algoritmo Genético,52,,
63,55.86426018969545,[0 6 7 8 4 2 9 1 5 3],500.0,50.0,0.2,40.0,0.4887223243713379,Algoritmo Genético,52,,
91,55.86426018969545,[0 6 7 8 4 2 9 1 5 3],500.0,50.0,0.2,40.0,0.5031132698059082,Algoritmo Genético,52,,
51,55.86426018969545,[0 6 7 8 4 2 9 1 5 3],500.0,50.0,0.2,40.0,0.506742000579834,Algoritmo Genético,52,,
81,55.86426018969545,[0 6 7 8 4 2 9 1 5 3],500.0,50.0,0.2,40.0,0.5360214710235596,Algoritmo Genético,52,,
47,55.86426018969545,[0 6 7 8 4 2 9 1 5 3],500.0,50.0,0.2,40.0,0.5464520454406738,Algoritmo Genético,52,,
95,55.86426018969545,[0 6 7 8 4 2 9 1 5 3],500.0,50.0,0.2,40.0,0.7051293849945068,Algoritmo Genético,52,,
36,55.86426018969545,[0 6 7 8 4 2 9 1 5 3],500.0,50.0,0.2,40.0,0.8091177940368652,Algoritmo Genético,52,,
70,55.86426018969545,[0 6 7 8 4 2 9 1 5 3],500.0,50.0,0.2,40.0,0.9860780239105223,Algoritmo Genético,52,,
80,55.93225875138808,[1 5 3 0 6 7 8 4 2 9],500.0,50.0,0.2,40.0,0.3184084892272949,Algoritmo Genético,52,,
60,55.93225875138808,[1 5 3 0 6 7 8 4 2 9],500.0,50.0,0.2,40.0,0.4878573417663574,Algoritmo Genético,52,,
28,55.93225875138808,[1 5 3 0 6 7 8 4 2 9],500.0,50.0,0.2,40.0,0.5075325965881348,Algoritmo Genético,52,,
29,55.93225875138808,[1 5 3 0 6 7 8 4 2 9],500.0,50.0,0.2,40.0,0.6631717681884766,Algoritmo Genético,52,,
75,55.93225875138808,[1 5 3 0 6 7 8 4 2 9],500.0,50.0,0.2,40.0,0.830620288848877,Algoritmo Genético,52,,
0,55.93225875138808,[1 5 3 0 6 7 8 4 2 9],500.0,50.0,0.2,40.0,0.9473528861999512,Algoritmo Genético,52,,
50,55.93225875138808,[1 5 3 0 6 7 8 4 2 9],500.0,50.0,0.2,40.0,1.3079917430877686,Algoritmo Genético,52,,
1,55.93225875138808,[1 5 3 0 6 7 8 4 2 9],500.0,50.0,0.2,40.0,1.369551420211792,Algoritmo Genético,52,,
25,55.93225875138808,[1 5 3 0 6 7 8 4 2 9],500.0,50.0,0.2,40.0,1.7911803722381592,Algoritmo Genético,52,,
19,55.96144453548096,[3 5 1 9 2 4 8 7 6 0],500.0,50.0,0.2,40.0,0.3349153995513916,Algoritmo Genético,52,,
43,55.96144453548096,[3 5 1 9 2 4 8 7 6 0],500.0,50.0,0.2,40.0,0.3844025135040283,Algoritmo Genético,52,,
56,55.96144453548096,[3 5 1 9 2 4 8 7 6 0],500.0,50.0,0.2,40.0,0.3972089290618896,Algoritmo Genético,52,,
32,55.96144453548096,[3 5 1 9 2 4 8 7 6 0],500.0,50.0,0.2,40.0,0.4248127937316894,Algoritmo Genético,52,,
82,55.96144453548096,[3 5 1 9 2 4 8 7 6 0],500.0,50.0,0.2,40.0,0.4248836040496826,Algoritmo Genético,52,,
7,55.96144453548096,[3 5 1 9 2 4 8 7 6 0],500.0,50.0,0.2,40.0,0.4777817726135254,Algoritmo Genético,52,,
4,55.96144453548096,[3 5 1 9 2 4 8 7 6 0],500.0,50.0,0.2,40.0,0.5107929706573486,Algoritmo Genético,52,,
39,55.96144453548096,[3 5 1 9 2 4 8 7 6 0],500.0,50.0,0.2,40.0,0.5199058055877686,Algoritmo Genético,52,,
31,55.96144453548096,[3 5 1 9 2 4 8 7 6 0],500.0,50.0,0.2,40.0,0.5489094257354736,Algoritmo Genético,52,,
6,55.96144453548096,[3 5 1 9 2 4 8 7 6 0],500.0,50.0,0.2,40.0,0.5980324745178223,Algoritmo Genético,52,,
77,55.96144453548096,[3 5 1 9 2 4 8 7 6 0],500.0,50.0,0.2,40.0,0.6021876335144043,Algoritmo Genético,52,,
78,55.96144453548096,[3 5 1 9 2 4 8 7 6 0],500.0,50.0,0.2,40.0,0.6234471797943115,Algoritmo Genético,52,,
21,55.96144453548096,[3 5 1 9 2 4 8 7 6 0],500.0,50.0,0.2,40.0,0.6320796012878418,Algoritmo Genético,52,,
26,55.96144453548096,[3 5 1 9 2 4 8 7 6 0],500.0,50.0,0.2,40.0,0.7286152839660645,Algoritmo Genético,52,,
52,55.96144453548096,[3 5 1 9 2 4 8 7 6 0],500.0,50.0,0.2,40.0,0.9417994022369384,Algoritmo Genético,52,,
23,55.96144453548096,[3 5 1 9 2 4 8 7 6 0],500.0,50.0,0.2,40.0,1.0609159469604492,Algoritmo Genético,52,,
73,55.96144453548096,[3 5 1 9 2 4 8 7 6 0],500.0,50.0,0.2,40.0,1.4131674766540527,Algoritmo Genético,52,,
89,56.127022539849634,[2 9 8 4 7 6 0 3 5 1],500.0,50.0,0.2,40.0,0.3287656307220459,Algoritmo Genético,52,,
20,56.127022539849634,[2 9 8 4 7 6 0 3 5 1],500.0,50.0,0.2,40.0,0.3857710361480713,Algoritmo Genético,52,,
30,56.127022539849634,[2 9 8 4 7 6 0 3 5 1],500.0,50.0,0.2,40.0,0.3861837387084961,Algoritmo Genético,52,,
44,56.127022539849634,[2 9 8 4 7 6 0 3 5 1],500.0,50.0,0.2,40.0,0.4166536331176758,Algoritmo Genético,52,,
12,56.127022539849634,[2 9 8 4 7 6 0 3 5 1],500.0,50.0,0.2,40.0,0.4908297061920166,Algoritmo Genético,52,,
87,56.127022539849634,[2 9 8 4 7 6 0 3 5 1],500.0,50.0,0.2,40.0,0.5035874843597412,Algoritmo Genético,52,,
93,56.127022539849634,[2 9 8 4 7 6 0 3 5 1],500.0,50.0,0.2,40.0,0.5306882858276367,Algoritmo Genético,52,,
69,56.127022539849634,[2 9 8 4 7 6 0 3 5 1],500.0,50.0,0.2,40.0,0.5900213718414307,Algoritmo Genético,52,,
84,56.127022539849634,[2 9 8 4 7 6 0 3 5 1],500.0,50.0,0.2,40.0,0.7365667819976807,Algoritmo Genético,52,,
5,56.127022539849634,[2 9 8 4 7 6 0 3 5 1],500.0,50.0,0.2,40.0,0.7937812805175781,Algoritmo Genético,52,,
83,56.127022539849634,[2 9 8 4 7 6 0 3 5 1],500.0,50.0,0.2,40.0,0.8293614387512207,Algoritmo Genético,52,,
53,56.127022539849634,[2 9 8 4 7 6 0 3 5 1],500.0,50.0,0.2,40.0,0.8318579196929932,Algoritmo Genético,52,,
98,56.127022539849634,[2 9 8 4 7 6 0 3 5 1],500.0,50.0,0.2,40.0,0.8535506725311279,Algoritmo Genético,52,,
34,56.33484081002699,[9 2 4 8 7 6 0 3 5 1],500.0,50.0,0.2,40.0,0.3593597412109375,Algoritmo Genético,52,,
71,56.33484081002699,[9 2 4 8 7 6 0 3 5 1],500.0,50.0,0.2,40.0,1.117276668548584,Algoritmo Genético,52,,
61,56.72251808002392,[3 5 1 9 0 6 7 8 4 2],500.0,50.0,0.2,40.0,0.2847852706909179,Algoritmo Genético,52,,
27,56.72251808002392,[3 5 1 9 0 6 7 8 4 2],500.0,50.0,0.2,40.0,0.311441421508789,Algoritmo Genético,52,,
10,56.72251808002392,[3 5 1 9 0 6 7 8 4 2],500.0,50.0,0.2,40.0,0.3514032363891601,Algoritmo Genético,52,,
85,56.72251808002392,[3 5 1 9 0 6 7 8 4 2],500.0,50.0,0.2,40.0,0.3780908584594726,Algoritmo Genético,52,,
46,56.72251808002392,[3 5 1 9 0 6 7 8 4 2],500.0,50.0,0.2,40.0,0.4000453948974609,Algoritmo Genético,52,,
42,56.72251808002392,[3 5 1 9 0 6 7 8 4 2],500.0,50.0,0.2,40.0,0.4790802001953125,Algoritmo Genético,52,,
92,56.72251808002392,[3 5 1 9 0 6 7 8 4 2],500.0,50.0,0.2,40.0,0.4900074005126953,Algoritmo Genético,52,,
9,56.72251808002392,[3 5 1 9 0 6 7 8 4 2],500.0,50.0,0.2,40.0,0.4943251609802246,Algoritmo Genético,52,,
38,56.72251808002392,[3 5 1 9 0 6 7 8 4 2],500.0,50.0,0.2,40.0,0.5113449096679688,Algoritmo Genético,52,,
16,56.72251808002392,[3 5 1 9 0 6 7 8 4 2],500.0,50.0,0.2,40.0,0.5429625511169434,Algoritmo Genético,52,,
17,56.72251808002392,[3 5 1 9 0 6 7 8 4 2],500.0,50.0,0.2,40.0,0.6362981796264648,Algoritmo Genético,52,,
58,56.72251808002392,[3 5 1 9 0 6 7 8 4 2],500.0,50.0,0.2,40.0,0.9116983413696288,Algoritmo Genético,52,,
24,56.72251808002392,[3 5 1 9 0 6 7 8 4 2],500.0,50.0,0.2,40.0,1.119732141494751,Algoritmo Genético,52,,
22,56.72251808002392,[3 5 1 9 0 6 7 8 4 2],500.0,50.0,0.2,40.0,1.2085564136505127,Algoritmo Genético,52,,
64,57.0513065910142,[1 5 3 0 8 4 7 6 9 2],500.0,50.0,0.2,40.0,0.411811351776123,Algoritmo Genético,52,,
79,57.14505552341413,[2 4 8 7 6 0 9 1 5 3],500.0,50.0,0.2,40.0,0.328200101852417,Algoritmo Genético,52,,
62,57.14505552341413,[2 4 8 7 6 0 9 1 5 3],500.0,50.0,0.2,40.0,0.3540027141571045,Algoritmo Genético,52,,
14,57.14505552341413,[2 4 8 7 6 0 9 1 5 3],500.0,50.0,0.2,40.0,0.3926475048065185,Algoritmo Genético,52,,
67,57.14505552341413,[2 4 8 7 6 0 9 1 5 3],500.0,50.0,0.2,40.0,0.4608452320098877,Algoritmo Genético,52,,
18,57.14505552341413,[2 4 8 7 6 0 9 1 5 3],500.0,50.0,0.2,40.0,0.4797811508178711,Algoritmo Genético,52,,
99,57.14505552341413,[2 4 8 7 6 0 9 1 5 3],500.0,50.0,0.2,40.0,0.5030884742736816,Algoritmo Genético,52,,
48,57.14505552341413,[2 4 8 7 6 0 9 1 5 3],500.0,50.0,0.2,40.0,0.702430009841919,Algoritmo Genético,52,,
96,57.14505552341413,[2 4 8 7 6 0 9 1 5 3],500.0,50.0,0.2,40.0,0.7903025150299072,Algoritmo Genético,52,,
49,57.14505552341413,[2 4 8 7 6 0 9 1 5 3],500.0,50.0,0.2,40.0,0.8792965412139893,Algoritmo Genético,52,,
65,57.14505552341413,[2 4 8 7 6 0 9 1 5 3],500.0,50.0,0.2,40.0,0.9071459770202636,Algoritmo Genético,52,,
74,57.14505552341413,[2 4 8 7 6 0 9 1 5 3],500.0,50.0,0.2,40.0,1.2538418769836426,Algoritmo Genético,52,,
55,57.2370849370632,[2 9 6 8 4 7 0 3 5 1],500.0,50.0,0.2,40.0,0.3500728607177734,Algoritmo Genético,52,,
68,57.2370849370632,[2 9 6 8 4 7 0 3 5 1],500.0,50.0,0.2,40.0,0.4463176727294922,Algoritmo Genético,52,,
59,57.70485724506395,[2 9 6 7 8 4 0 3 5 1],500.0,50.0,0.2,40.0,0.5745043754577637,Algoritmo Genético,52,,
41,58.70324342055582,[2 9 1 5 3 0 6 7 8 4],500.0,50.0,0.2,40.0,0.328228235244751,Algoritmo Genético,52,,
45,58.70324342055582,[2 9 1 5 3 0 6 7 8 4],500.0,50.0,0.2,40.0,0.4355685710906982,Algoritmo Genético,52,,
35,58.70324342055582,[2 9 1 5 3 0 6 7 8 4],500.0,50.0,0.2,40.0,0.4486150741577148,Algoritmo Genético,52,,
37,58.70324342055582,[2 9 1 5 3 0 6 7 8 4],500.0,50.0,0.2,40.0,0.5166873931884766,Algoritmo Genético,52,,
33,58.70324342055582,[2 9 1 5 3 0 6 7 8 4],500.0,50.0,0.2,40.0,0.5329937934875488,Algoritmo Genético,52,,
97,58.70324342055582,[2 9 1 5 3 0 6 7 8 4],500.0,50.0,0.2,40.0,0.6642875671386719,Algoritmo Genético,52,,
90,59.10896730529407,[4 8 7 6 0 3 5 1 9 2],500.0,50.0,0.2,40.0,0.4866330623626709,Algoritmo Genético,52,,
72,59.10896730529407,[4 8 7 6 0 3 5 1 9 2],500.0,50.0,0.2,40.0,1.1558547019958496,Algoritmo Genético,52,,
86,60.15133456280881,[3 5 1 9 2 6 0 7 8 4],500.0,50.0,0.2,40.0,0.5312769412994385,Algoritmo Genético,52,,
13,60.19304730077906,[7 8 4 2 9 6 0 3 5 1],500.0,50.0,0.2,40.0,0.3383688926696777,Algoritmo Genético,52,,
3,60.19304730077906,[7 8 4 2 9 6 0 3 5 1],500.0,50.0,0.2,40.0,0.4686391353607178,Algoritmo Genético,52,,
66,60.19304730077906,[7 8 4 2 9 6 0 3 5 1],500.0,50.0,0.2,40.0,0.5003364086151123,Algoritmo Genético,52,,
2,62.15212404346736,[2 9 0 6 7 4 8 3 5 1],500.0,50.0,0.2,40.0,0.296363353729248,Algoritmo Genético,52,,
88,62.15212404346736,[2 9 0 6 7 4 8 3 5 1],500.0,50.0,0.2,40.0,0.3596036434173584,Algoritmo Genético,52,,
18,57.39373403743617,[7 1 8 3 2 9 4 0 5 6],2000.0,,,200.0,0.0157866477966308,Simulated Annealing,14,200.0,0.9
63,57.39373403743617,[7 1 8 3 2 9 4 0 5 6],2000.0,,,200.0,0.0169863700866699,Simulated Annealing,14,200.0,0.9
85,57.39373403743617,[7 1 8 3 2 9 4 0 5 6],2000.0,,,200.0,0.0170769691467285,Simulated Annealing,14,200.0,0.9
20,57.39373403743617,[7 1 8 3 2 9 4 0 5 6],2000.0,,,200.0,0.0242159366607666,Simulated Annealing,14,200.0,0.9
59,57.39373403743617,[7 1 8 3 2 9 4 0 5 6],2000.0,,,200.0,0.0256216526031494,Simulated Annealing,14,200.0,0.9
78,57.39373403743617,[7 1 8 3 2 9 4 0 5 6],2000.0,,,200.0,0.0265593528747558,Simulated Annealing,14,200.0,0.9
67,57.39373403743617,[7 1 8 3 2 9 4 0 5 6],2000.0,,,200.0,0.0273964405059814,Simulated Annealing,14,200.0,0.9
79,57.39373403743617,[7 1 8 3 2 9 4 0 5 6],2000.0,,,200.0,0.0278844833374023,Simulated Annealing,14,200.0,0.9
49,57.39373403743617,[7 1 8 3 2 9 4 0 5 6],2000.0,,,200.0,0.0297627449035644,Simulated Annealing,14,200.0,0.9
8,57.39373403743617,[7 1 8 3 2 9 4 0 5 6],2000.0,,,200.0,0.030452013015747,Simulated Annealing,14,200.0,0.9
29,57.39373403743617,[7 1 8 3 2 9 4 0 5 6],2000.0,,,200.0,0.0414807796478271,Simulated Annealing,14,200.0,0.9
32,57.570038725767176,[6 5 0 4 9 2 3 8 1 7],2000.0,,,200.0,0.0175330638885498,Simulated Annealing,14,200.0,0.9
47,57.570038725767176,[6 5 0 4 9 2 3 8 1 7],2000.0,,,200.0,0.0185680389404296,Simulated Annealing,14,200.0,0.9
48,57.570038725767176,[6 5 0 4 9 2 3 8 1 7],2000.0,,,200.0,0.0224969387054443,Simulated Annealing,14,200.0,0.9
74,57.570038725767176,[6 5 0 4 9 2 3 8 1 7],2000.0,,,200.0,0.0240654945373535,Simulated Annealing,14,200.0,0.9
76,57.570038725767176,[6 5 0 4 9 2 3 8 1 7],2000.0,,,200.0,0.0257370471954345,Simulated Annealing,14,200.0,0.9
95,57.570038725767176,[6 5 0 4 9 2 3 8 1 7],2000.0,,,200.0,0.0264148712158203,Simulated Annealing,14,200.0,0.9
53,57.570038725767176,[6 5 0 4 9 2 3 8 1 7],2000.0,,,200.0,0.0265331268310546,Simulated Annealing,14,200.0,0.9
38,57.570038725767176,[6 5 0 4 9 2 3 8 1 7],2000.0,,,200.0,0.0311939716339111,Simulated Annealing,14,200.0,0.9
89,57.570038725767176,[6 5 0 4 9 2 3 8 1 7],2000.0,,,200.0,0.0327949523925781,Simulated Annealing,14,200.0,0.9
6,57.570038725767176,[6 5 0 4 9 2 3 8 1 7],2000.0,,,200.0,0.0337133407592773,Simulated Annealing,14,200.0,0.9
37,57.570038725767176,[6 5 0 4 9 2 3 8 1 7],2000.0,,,200.0,0.049534797668457,Simulated Annealing,14,200.0,0.9
41,58.23208204172836,[4 0 5 6 2 9 3 8 1 7],2000.0,,,200.0,0.0168194770812988,Simulated Annealing,14,200.0,0.9
25,58.23208204172836,[4 0 5 6 2 9 3 8 1 7],2000.0,,,200.0,0.0194592475891113,Simulated Annealing,14,200.0,0.9
14,58.23208204172836,[4 0 5 6 2 9 3 8 1 7],2000.0,,,200.0,0.0194847583770751,Simulated Annealing,14,200.0,0.9
10,58.23208204172836,[4 0 5 6 2 9 3 8 1 7],2000.0,,,200.0,0.0198121070861816,Simulated Annealing,14,200.0,0.9
13,58.23208204172836,[4 0 5 6 2 9 3 8 1 7],2000.0,,,200.0,0.0206437110900878,Simulated Annealing,14,200.0,0.9
68,58.23208204172836,[4 0 5 6 2 9 3 8 1 7],2000.0,,,200.0,0.0390839576721191,Simulated Annealing,14,200.0,0.9
5,58.41040147198835,[4 0 5 6 2 9 8 3 7 1],2000.0,,,200.0,0.0167403221130371,Simulated Annealing,14,200.0,0.9
55,58.41040147198835,[4 0 5 6 2 9 8 3 7 1],2000.0,,,200.0,0.0189135074615478,Simulated Annealing,14,200.0,0.9
62,58.41040147198835,[4 0 5 6 2 9 8 3 7 1],2000.0,,,200.0,0.0220375061035156,Simulated Annealing,14,200.0,0.9
90,58.41040147198835,[4 0 5 6 2 9 8 3 7 1],2000.0,,,200.0,0.0235857963562011,Simulated Annealing,14,200.0,0.9
33,58.41040147198835,[4 0 5 6 2 9 8 3 7 1],2000.0,,,200.0,0.0433199405670166,Simulated Annealing,14,200.0,0.9
4,58.48238746408419,[7 1 8 3 9 2 6 5 0 4],2000.0,,,200.0,0.0189857482910156,Simulated Annealing,14,200.0,0.9
80,58.48238746408419,[7 1 8 3 9 2 6 5 0 4],2000.0,,,200.0,0.0211787223815917,Simulated Annealing,14,200.0,0.9
71,58.48238746408419,[7 1 8 3 9 2 6 5 0 4],2000.0,,,200.0,0.0250029563903808,Simulated Annealing,14,200.0,0.9
21,58.48238746408419,[7 1 8 3 9 2 6 5 0 4],2000.0,,,200.0,0.0254435539245605,Simulated Annealing,14,200.0,0.9
50,58.48238746408419,[7 1 8 3 9 2 6 5 0 4],2000.0,,,200.0,0.0267765522003173,Simulated Annealing,14,200.0,0.9
17,58.48238746408419,[7 1 8 3 9 2 6 5 0 4],2000.0,,,200.0,0.0344092845916748,Simulated Annealing,14,200.0,0.9
34,58.48238746408419,[7 1 8 3 9 2 6 5 0 4],2000.0,,,200.0,0.0395553112030029,Simulated Annealing,14,200.0,0.9
87,58.9677419393698,[1 7 3 8 9 2 6 5 0 4],2000.0,,,200.0,0.016430377960205,Simulated Annealing,14,200.0,0.9
61,58.9677419393698,[1 7 3 8 9 2 6 5 0 4],2000.0,,,200.0,0.0263557434082031,Simulated Annealing,14,200.0,0.9
81,62.204083691391446,[6 0 5 2 9 8 3 7 1 4],2000.0,,,200.0,0.0176701545715332,Simulated Annealing,14,200.0,0.9
35,62.322820418672826,[7 1 8 3 9 4 0 5 6 2],2000.0,,,200.0,0.0211763381958007,Simulated Annealing,14,200.0,0.9
86,62.538900027693,[6 2 5 0 4 9 3 8 1 7],2000.0,,,200.0,0.019688606262207,Simulated Annealing,14,200.0,0.9
84,62.538900027693,[6 2 5 0 4 9 3 8 1 7],2000.0,,,200.0,0.0214900970458984,Simulated Annealing,14,200.0,0.9
36,62.538900027693,[6 2 5 0 4 9 3 8 1 7],2000.0,,,200.0,0.0294053554534912,Simulated Annealing,14,200.0,0.9
92,62.717219457952986,[6 2 5 0 4 9 8 3 7 1],2000.0,,,200.0,0.0153791904449462,Simulated Annealing,14,200.0,0.9
19,62.717219457952986,[6 2 5 0 4 9 8 3 7 1],2000.0,,,200.0,0.0155062675476074,Simulated Annealing,14,200.0,0.9
65,62.772329017101015,[6 5 0 4 1 7 3 8 9 2],2000.0,,,200.0,0.0173015594482421,Simulated Annealing,14,200.0,0.9
73,62.772329017101015,[6 5 0 4 1 7 3 8 9 2],2000.0,,,200.0,0.0348577499389648,Simulated Annealing,14,200.0,0.9
93,62.78256766099062,[4 1 7 3 8 9 2 5 0 6],2000.0,,,200.0,0.0207607746124267,Simulated Annealing,14,200.0,0.9
75,62.78256766099062,[4 1 7 3 8 9 2 5 0 6],2000.0,,,200.0,0.0247557163238525,Simulated Annealing,14,200.0,0.9
60,62.80817489395843,[1 7 3 8 9 4 0 5 6 2],2000.0,,,200.0,0.0282597541809082,Simulated Annealing,14,200.0,0.9
9,62.81460094005512,[7 3 8 9 2 6 5 0 4 1],2000.0,,,200.0,0.0241353511810302,Simulated Annealing,14,200.0,0.9
94,63.038852718880136,[4 9 5 0 6 2 3 8 1 7],2000.0,,,200.0,0.015578269958496,Simulated Annealing,14,200.0,0.9
40,63.17992076767302,[6 0 5 2 3 7 1 8 9 4],2000.0,,,200.0,0.0342803001403808,Simulated Annealing,14,200.0,0.9
27,63.29007231520567,[1 8 9 4 0 5 6 2 3 7],2000.0,,,200.0,0.0168540477752685,Simulated Annealing,14,200.0,0.9
99,63.59283562147977,[2 3 7 1 8 9 4 0 5 6],2000.0,,,200.0,0.0221657752990722,Simulated Annealing,14,200.0,0.9
43,63.900210852037645,[4 9 8 1 7 3 2 5 0 6],2000.0,,,200.0,0.0157480239868164,Simulated Annealing,14,200.0,0.9
15,63.932244131102166,[7 3 2 6 5 0 4 9 8 1],2000.0,,,200.0,0.0281152725219726,Simulated Annealing,14,200.0,0.9
39,63.971660203103305,[6 2 3 8 9 5 0 4 1 7],2000.0,,,200.0,0.0381312370300293,Simulated Annealing,14,200.0,0.9
64,64.00689465515472,[7 1 4 0 5 9 8 3 2 6],2000.0,,,200.0,0.026780366897583,Simulated Annealing,14,200.0,0.9
16,64.00689465515472,[7 1 4 0 5 9 8 3 2 6],2000.0,,,200.0,0.0436236858367919,Simulated Annealing,14,200.0,0.9
45,64.42431835118295,[6 2 9 5 0 4 8 3 7 1],2000.0,,,200.0,0.0177936553955078,Simulated Annealing,14,200.0,0.9
82,64.48141870562733,[7 1 8 9 4 0 5 6 2 3],2000.0,,,200.0,0.0191984176635742,Simulated Annealing,14,200.0,0.9
58,64.52338370289793,[6 0 5 2 9 3 7 1 8 4],2000.0,,,200.0,0.0190982818603515,Simulated Annealing,14,200.0,0.9
83,64.57195713777257,[7 1 8 3 5 0 6 2 9 4],2000.0,,,200.0,0.0185155868530273,Simulated Annealing,14,200.0,0.9
0,64.96669587410578,[8 9 4 0 5 6 2 3 7 1],2000.0,,,200.0,0.0242290496826171,Simulated Annealing,14,200.0,0.9
7,65.0778207772809,[4 8 1 7 3 9 2 5 0 6],2000.0,,,200.0,0.0155470371246337,Simulated Annealing,14,200.0,0.9
23,65.15735639530023,[3 2 6 5 0 4 9 8 1 7],2000.0,,,200.0,0.0133872032165527,Simulated Annealing,14,200.0,0.9
22,65.15735639530023,[3 2 6 5 0 4 9 8 1 7],2000.0,,,200.0,0.0198676586151123,Simulated Annealing,14,200.0,0.9
31,65.18494620049898,[6 0 5 2 8 1 7 3 9 4],2000.0,,,200.0,0.0231707096099853,Simulated Annealing,14,200.0,0.9
44,65.20161981544197,[4 9 3 7 1 8 2 5 0 6],2000.0,,,200.0,0.01702880859375,Simulated Annealing,14,200.0,0.9
96,65.22489852353328,[4 0 5 9 8 1 7 3 2 6],2000.0,,,200.0,0.0149991512298583,Simulated Annealing,14,200.0,0.9
3,65.33908346173207,[2 3 8 9 5 6 0 4 1 7],2000.0,,,200.0,0.0179684162139892,Simulated Annealing,14,200.0,0.9
54,65.47083492642717,[4 0 5 6 2 3 7 1 8 9],2000.0,,,200.0,0.0220007896423339,Simulated Annealing,14,200.0,0.9
97,65.48463931407703,[1 8 3 9 4 0 5 6 2 7],2000.0,,,200.0,0.0134840011596679,Simulated Annealing,14,200.0,0.9
98,65.57598196371826,[1 7 3 2 6 5 0 4 9 8],2000.0,,,200.0,0.017003059387207,Simulated Annealing,14,200.0,0.9
24,65.59366591689533,[2 9 4 0 6 5 3 8 1 7],2000.0,,,200.0,0.021059513092041,Simulated Annealing,14,200.0,0.9
11,65.70910204989542,[1 7 3 8 5 0 6 2 9 4],2000.0,,,200.0,0.0181012153625488,Simulated Annealing,14,200.0,0.9
69,66.2402346948279,[9 8 1 7 3 2 6 5 0 4],2000.0,,,200.0,0.0248956680297851,Simulated Annealing,14,200.0,0.9
1,66.2669133193936,[6 2 3 9 5 0 4 8 1 7],2000.0,,,200.0,0.0170035362243652,Simulated Annealing,14,200.0,0.9
52,66.32619466666121,[7 1 8 4 0 5 9 3 2 6],2000.0,,,200.0,0.0206642150878906,Simulated Annealing,14,200.0,0.9
70,66.38181038772281,[4 8 9 5 0 6 2 3 7 1],2000.0,,,200.0,0.0216832160949707,Simulated Annealing,14,200.0,0.9
88,66.4550899286738,[0 4 1 7 3 8 9 2 5 6],2000.0,,,200.0,0.0205247402191162,Simulated Annealing,14,200.0,0.9
72,66.4550899286738,[0 4 1 7 3 8 9 2 5 6],2000.0,,,200.0,0.0220532417297363,Simulated Annealing,14,200.0,0.9
56,66.69184261905102,[1 7 3 2 6 0 5 9 8 4],2000.0,,,200.0,0.0186641216278076,Simulated Annealing,14,200.0,0.9
51,66.87275237987157,[6 2 9 8 1 7 3 5 0 4],2000.0,,,200.0,0.0148048400878906,Simulated Annealing,14,200.0,0.9
2,66.89522099511453,[6 2 8 1 7 3 9 5 0 4],2000.0,,,200.0,0.0169816017150878,Simulated Annealing,14,200.0,0.9
26,67.62896053298014,[1 8 5 6 0 4 9 2 3 7],2000.0,,,200.0,0.0137796401977539,Simulated Annealing,14,200.0,0.9
66,67.63433657802237,[2 3 9 5 6 0 4 8 1 7],2000.0,,,200.0,0.0142905712127685,Simulated Annealing,14,200.0,0.9
91,67.67208315574243,[6 2 9 8 4 0 5 3 7 1],2000.0,,,200.0,0.0152039527893066,Simulated Annealing,14,200.0,0.9
30,68.70283850552553,[4 0 6 5 8 1 7 3 9 2],2000.0,,,200.0,0.018653392791748,Simulated Annealing,14,200.0,0.9
77,68.87414208312516,[0 4 9 3 7 1 8 2 5 6],2000.0,,,200.0,0.0167901515960693,Simulated Annealing,14,200.0,0.9
28,68.9147307447037,[6 5 2 8 1 7 3 9 4 0],2000.0,,,200.0,0.0251166820526123,Simulated Annealing,14,200.0,0.9
42,68.93366151460457,[1 7 2 6 0 5 3 8 9 4],2000.0,,,200.0,0.0194830894470214,Simulated Annealing,14,200.0,0.9
57,68.93516707161987,[6 2 5 0 4 1 7 3 8 9],2000.0,,,200.0,0.0192551612854003,Simulated Annealing,14,200.0,0.9
46,70.18876299513262,[6 2 3 7 1 4 0 5 9 8],2000.0,,,200.0,0.019843578338623,Simulated Annealing,14,200.0,0.9
12,70.53639612650427,[4 8 1 7 3 9 5 0 6 2],2000.0,,,200.0,0.0245273113250732,Simulated Annealing,14,200.0,0.9
28,62.27941050341416,[1 3 9 4 8 7 2 0 5 6],2000.0,,,200.0,0.0177931785583496,Simulated Annealing,87,200.0,0.9
4,62.27941050341416,[1 3 9 4 8 7 2 0 5 6],2000.0,,,200.0,0.0244617462158203,Simulated Annealing,87,200.0,0.9
65,62.27941050341416,[1 3 9 4 8 7 2 0 5 6],2000.0,,,200.0,0.0261344909667968,Simulated Annealing,87,200.0,0.9
76,62.27941050341416,[1 3 9 4 8 7 2 0 5 6],2000.0,,,200.0,0.0353331565856933,Simulated Annealing,87,200.0,0.9
43,62.27941050341416,[1 3 9 4 8 7 2 0 5 6],2000.0,,,200.0,0.0391678810119628,Simulated Annealing,87,200.0,0.9
54,62.27941050341416,[1 3 9 4 8 7 2 0 5 6],2000.0,,,200.0,0.1531593799591064,Simulated Annealing,87,200.0,0.9
88,63.5238716304319,[3 1 4 9 8 7 2 0 5 6],2000.0,,,200.0,0.0312335491180419,Simulated Annealing,87,200.0,0.9
94,63.5238716304319,[3 1 4 9 8 7 2 0 5 6],2000.0,,,200.0,0.0377719402313232,Simulated Annealing,87,200.0,0.9
33,63.5238716304319,[3 1 4 9 8 7 2 0 5 6],2000.0,,,200.0,0.0417876243591308,Simulated Annealing,87,200.0,0.9
61,63.5238716304319,[3 1 4 9 8 7 2 0 5 6],2000.0,,,200.0,0.1671366691589355,Simulated Annealing,87,200.0,0.9
31,63.82018693215558,[2 7 8 4 9 3 1 0 5 6],2000.0,,,200.0,0.01418137550354,Simulated Annealing,87,200.0,0.9
1,63.82018693215558,[2 7 8 4 9 3 1 0 5 6],2000.0,,,200.0,0.0162341594696044,Simulated Annealing,87,200.0,0.9
26,63.82018693215558,[2 7 8 4 9 3 1 0 5 6],2000.0,,,200.0,0.0180623531341552,Simulated Annealing,87,200.0,0.9
79,63.82018693215558,[2 7 8 4 9 3 1 0 5 6],2000.0,,,200.0,0.0392193794250488,Simulated Annealing,87,200.0,0.9
78,63.82018693215558,[2 7 8 4 9 3 1 0 5 6],2000.0,,,200.0,0.0489649772644043,Simulated Annealing,87,200.0,0.9
48,63.82018693215558,[2 7 8 4 9 3 1 0 5 6],2000.0,,,200.0,0.0712158679962158,Simulated Annealing,87,200.0,0.9
8,64.7535167316519,[6 5 0 2 7 8 4 9 3 1],2000.0,,,200.0,0.0149648189544677,Simulated Annealing,87,200.0,0.9
16,64.7535167316519,[6 5 0 2 7 8 4 9 3 1],2000.0,,,200.0,0.0172314643859863,Simulated Annealing,87,200.0,0.9
9,64.7535167316519,[6 5 0 2 7 8 4 9 3 1],2000.0,,,200.0,0.0189752578735351,Simulated Annealing,87,200.0,0.9
12,64.7535167316519,[6 5 0 2 7 8 4 9 3 1],2000.0,,,200.0,0.0191938877105712,Simulated Annealing,87,200.0,0.9
24,64.7535167316519,[6 5 0 2 7 8 4 9 3 1],2000.0,,,200.0,0.0208938121795654,Simulated Annealing,87,200.0,0.9
10,64.7535167316519,[6 5 0 2 7 8 4 9 3 1],2000.0,,,200.0,0.0237553119659423,Simulated Annealing,87,200.0,0.9
96,64.7535167316519,[6 5 0 2 7 8 4 9 3 1],2000.0,,,200.0,0.0332095623016357,Simulated Annealing,87,200.0,0.9
82,64.7535167316519,[6 5 0 2 7 8 4 9 3 1],2000.0,,,200.0,0.0347616672515869,Simulated Annealing,87,200.0,0.9
83,64.7535167316519,[6 5 0 2 7 8 4 9 3 1],2000.0,,,200.0,0.035252571105957,Simulated Annealing,87,200.0,0.9
99,64.7535167316519,[6 5 0 2 7 8 4 9 3 1],2000.0,,,200.0,0.0570185184478759,Simulated Annealing,87,200.0,0.9
64,64.7535167316519,[6 5 0 2 7 8 4 9 3 1],2000.0,,,200.0,0.0667200088500976,Simulated Annealing,87,200.0,0.9
75,64.7535167316519,[6 5 0 2 7 8 4 9 3 1],2000.0,,,200.0,0.0706822872161865,Simulated Annealing,87,200.0,0.9
66,64.7535167316519,[6 5 0 2 7 8 4 9 3 1],2000.0,,,200.0,0.0778596401214599,Simulated Annealing,87,200.0,0.9
53,64.7535167316519,[6 5 0 2 7 8 4 9 3 1],2000.0,,,200.0,0.1411705017089843,Simulated Annealing,87,200.0,0.9
7,65.02771435337499,[6 5 0 1 3 9 4 8 7 2],2000.0,,,200.0,0.0181348323822021,Simulated Annealing,87,200.0,0.9
2,65.02771435337499,[6 5 0 1 3 9 4 8 7 2],2000.0,,,200.0,0.0216104984283447,Simulated Annealing,87,200.0,0.9
50,65.02771435337499,[6 5 0 1 3 9 4 8 7 2],2000.0,,,200.0,0.0612416267395019,Simulated Annealing,87,200.0,0.9
52,65.02771435337499,[6 5 0 1 3 9 4 8 7 2],2000.0,,,200.0,0.156198501586914,Simulated Annealing,87,200.0,0.9
71,66.21332209857488,[6 5 0 4 1 3 9 8 7 2],2000.0,,,200.0,0.0209226608276367,Simulated Annealing,87,200.0,0.9
38,66.21332209857488,[6 5 0 4 1 3 9 8 7 2],2000.0,,,200.0,0.0231566429138183,Simulated Annealing,87,200.0,0.9
40,66.21332209857488,[6 5 0 4 1 3 9 8 7 2],2000.0,,,200.0,0.0242969989776611,Simulated Annealing,87,200.0,0.9
46,66.21332209857488,[6 5 0 4 1 3 9 8 7 2],2000.0,,,200.0,0.0292482376098632,Simulated Annealing,87,200.0,0.9
68,66.21332209857488,[6 5 0 4 1 3 9 8 7 2],2000.0,,,200.0,0.0428924560546875,Simulated Annealing,87,200.0,0.9
93,66.21332209857488,[6 5 0 4 1 3 9 8 7 2],2000.0,,,200.0,0.0436985492706298,Simulated Annealing,87,200.0,0.9
92,69.73795785829189,[9 8 7 2 4 3 1 0 5 6],2000.0,,,200.0,0.0309360027313232,Simulated Annealing,87,200.0,0.9
91,69.73795785829189,[9 8 7 2 4 3 1 0 5 6],2000.0,,,200.0,0.0376238822937011,Simulated Annealing,87,200.0,0.9
58,69.73795785829189,[9 8 7 2 4 3 1 0 5 6],2000.0,,,200.0,0.1139726638793945,Simulated Annealing,87,200.0,0.9
5,71.1577028791648,[0 1 3 9 4 8 7 2 5 6],2000.0,,,200.0,0.0179612636566162,Simulated Annealing,87,200.0,0.9
63,71.1577028791648,[0 1 3 9 4 8 7 2 5 6],2000.0,,,200.0,0.032822847366333,Simulated Annealing,87,200.0,0.9
51,71.1577028791648,[0 1 3 9 4 8 7 2 5 6],2000.0,,,200.0,0.0465154647827148,Simulated Annealing,87,200.0,0.9
85,71.49323764054299,[7 2 1 3 9 8 4 0 5 6],2000.0,,,200.0,0.0440144538879394,Simulated Annealing,87,200.0,0.9
72,71.6298886356218,[8 4 9 3 1 0 5 6 2 7],2000.0,,,200.0,0.0234913825988769,Simulated Annealing,87,200.0,0.9
95,71.6298886356218,[8 4 9 3 1 0 5 6 2 7],2000.0,,,200.0,0.0389840602874755,Simulated Annealing,87,200.0,0.9
22,71.73086891146599,[3 9 8 7 2 4 1 0 5 6],2000.0,,,200.0,0.0128252506256103,Simulated Annealing,87,200.0,0.9
70,72.32370499368955,[1 3 9 8 4 0 5 6 2 7],2000.0,,,200.0,0.024111270904541,Simulated Annealing,87,200.0,0.9
11,73.32062727114482,[6 5 2 7 8 4 9 3 1 0],2000.0,,,200.0,0.014876365661621,Simulated Annealing,87,200.0,0.9
13,73.32062727114482,[6 5 2 7 8 4 9 3 1 0],2000.0,,,200.0,0.0173614025115966,Simulated Annealing,87,200.0,0.9
98,73.32062727114482,[6 5 2 7 8 4 9 3 1 0],2000.0,,,200.0,0.0511872768402099,Simulated Annealing,87,200.0,0.9
34,73.55197443243868,[3 1 0 5 6 2 7 8 4 9],2000.0,,,200.0,0.0165178775787353,Simulated Annealing,87,200.0,0.9
62,73.55197443243868,[3 1 0 5 6 2 7 8 4 9],2000.0,,,200.0,0.0243418216705322,Simulated Annealing,87,200.0,0.9
45,73.60985423898977,[7 2 6 5 0 1 3 9 4 8],2000.0,,,200.0,0.0236647129058837,Simulated Annealing,87,200.0,0.9
32,73.60985423898977,[7 2 6 5 0 1 3 9 4 8],2000.0,,,200.0,0.0332968235015869,Simulated Annealing,87,200.0,0.9
49,73.80545902910899,[6 5 0 4 8 9 3 1 2 7],2000.0,,,200.0,0.03764009475708,Simulated Annealing,87,200.0,0.9
37,73.8147383827336,[9 4 3 1 0 5 6 2 7 8],2000.0,,,200.0,0.0204851627349853,Simulated Annealing,87,200.0,0.9
89,73.8147383827336,[9 4 3 1 0 5 6 2 7 8],2000.0,,,200.0,0.0510766506195068,Simulated Annealing,87,200.0,0.9
80,74.11511224039283,[0 2 7 8 4 9 3 1 5 6],2000.0,,,200.0,0.0354628562927246,Simulated Annealing,87,200.0,0.9
74,74.11511224039283,[0 2 7 8 4 9 3 1 5 6],2000.0,,,200.0,0.0602238178253173,Simulated Annealing,87,200.0,0.9
3,74.22411092257167,[2 7 9 3 1 4 8 0 5 6],2000.0,,,200.0,0.0146119594573974,Simulated Annealing,87,200.0,0.9
69,74.32969111651919,[6 5 2 7 8 9 3 1 4 0],2000.0,,,200.0,0.0304930210113525,Simulated Annealing,87,200.0,0.9
23,74.56103827781305,[3 1 4 0 5 6 2 7 8 9],2000.0,,,200.0,0.01479172706604,Simulated Annealing,87,200.0,0.9
35,74.56103827781305,[3 1 4 0 5 6 2 7 8 9],2000.0,,,200.0,0.0199131965637207,Simulated Annealing,87,200.0,0.9
20,74.56150750935348,[6 5 0 4 9 8 7 2 1 3],2000.0,,,200.0,0.019576072692871,Simulated Annealing,87,200.0,0.9
44,74.59926828426497,[7 2 6 5 0 4 8 9 3 1],2000.0,,,200.0,0.0232553482055664,Simulated Annealing,87,200.0,0.9
90,74.59926828426497,[7 2 6 5 0 4 8 9 3 1],2000.0,,,200.0,0.041407823562622,Simulated Annealing,87,200.0,0.9
77,74.63885292527979,[8 7 2 6 5 0 4 9 3 1],2000.0,,,200.0,0.0479819774627685,Simulated Annealing,87,200.0,0.9
67,74.79546198418964,[7 2 6 5 0 4 1 3 9 8],2000.0,,,200.0,0.0307490825653076,Simulated Annealing,87,200.0,0.9
14,75.12237121317128,[9 4 8 7 2 6 5 0 1 3],2000.0,,,200.0,0.0181953907012939,Simulated Annealing,87,200.0,0.9
56,75.12237121317128,[9 4 8 7 2 6 5 0 1 3],2000.0,,,200.0,0.0965566635131836,Simulated Annealing,87,200.0,0.9
57,75.12237121317128,[9 4 8 7 2 6 5 0 1 3],2000.0,,,200.0,0.1063227653503418,Simulated Annealing,87,200.0,0.9
36,75.22743810062494,[3 9 8 4 1 0 5 6 2 7],2000.0,,,200.0,0.0148177146911621,Simulated Annealing,87,200.0,0.9
6,75.26145268899491,[6 5 1 3 9 4 8 7 2 0],2000.0,,,200.0,0.018341064453125,Simulated Annealing,87,200.0,0.9
19,75.31445794734499,[8 7 2 6 5 0 1 3 4 9],2000.0,,,200.0,0.0188956260681152,Simulated Annealing,87,200.0,0.9
30,75.41620520740678,[1 0 5 6 2 7 8 4 9 3],2000.0,,,200.0,0.0194959640502929,Simulated Annealing,87,200.0,0.9
25,75.41620520740678,[1 0 5 6 2 7 8 4 9 3],2000.0,,,200.0,0.0260288715362548,Simulated Annealing,87,200.0,0.9
87,75.81862008123318,[4 8 7 2 6 5 0 1 3 9],2000.0,,,200.0,0.0380868911743164,Simulated Annealing,87,200.0,0.9
41,76.09653134367977,[6 5 0 8 4 1 3 9 7 2],2000.0,,,200.0,0.0846395492553711,Simulated Annealing,87,200.0,0.9
27,76.29029538802035,[1 3 9 8 7 2 6 5 0 4],2000.0,,,200.0,0.0212554931640625,Simulated Annealing,87,200.0,0.9
39,77.05079464508307,[3 9 4 8 7 2 6 5 0 1],2000.0,,,200.0,0.0275592803955078,Simulated Annealing,87,200.0,0.9
84,78.02452522085471,[7 8 4 9 3 1 0 5 6 2],2000.0,,,200.0,0.0488605499267578,Simulated Annealing,87,200.0,0.9
17,78.23640239028295,[3 9 8 7 2 6 5 0 4 1],2000.0,,,200.0,0.0225253105163574,Simulated Annealing,87,200.0,0.9
21,78.43755551552266,[9 3 1 0 5 6 4 8 7 2],2000.0,,,200.0,0.0146539211273193,Simulated Annealing,87,200.0,0.9
97,78.43755551552266,[9 3 1 0 5 6 4 8 7 2],2000.0,,,200.0,0.0269725322723388,Simulated Annealing,87,200.0,0.9
60,78.72430698756851,[9 3 1 5 6 0 4 8 7 2],2000.0,,,200.0,0.1233696937561035,Simulated Annealing,87,200.0,0.9
73,79.0291672264052,[2 7 8 4 0 5 6 1 3 9],2000.0,,,200.0,0.0523924827575683,Simulated Annealing,87,200.0,0.9
18,79.141466635225,[9 4 0 5 6 2 7 8 3 1],2000.0,,,200.0,0.0207846164703369,Simulated Annealing,87,200.0,0.9
86,79.141466635225,[9 4 0 5 6 2 7 8 3 1],2000.0,,,200.0,0.0374703407287597,Simulated Annealing,87,200.0,0.9
0,79.22213857563523,[8 2 7 6 5 0 1 3 4 9],2000.0,,,200.0,0.0177481174468994,Simulated Annealing,87,200.0,0.9
81,79.63987362780645,[2 7 8 9 4 5 6 0 1 3],2000.0,,,200.0,0.0488207340240478,Simulated Annealing,87,200.0,0.9
55,79.63987362780645,[2 7 8 9 4 5 6 0 1 3],2000.0,,,200.0,0.1593403816223144,Simulated Annealing,87,200.0,0.9
29,80.90044218912062,[2 6 5 0 4 1 3 9 8 7],2000.0,,,200.0,0.0203192234039306,Simulated Annealing,87,200.0,0.9
15,82.16157525948628,[8 9 4 0 5 6 2 7 1 3],2000.0,,,200.0,0.0156378746032714,Simulated Annealing,87,200.0,0.9
42,84.67566235949894,[6 2 7 8 4 5 0 1 3 9],2000.0,,,200.0,0.0377767086029052,Simulated Annealing,87,200.0,0.9
47,85.47694702972692,[6 2 7 8 9 4 5 0 1 3],2000.0,,,200.0,0.0572082996368408,Simulated Annealing,87,200.0,0.9
59,90.4679521692367,[9 4 5 0 1 3 8 7 2 6],2000.0,,,200.0,0.0996649265289306,Simulated Annealing,87,200.0,0.9
12,55.86426018969545,[0 6 7 8 4 2 9 1 5 3],2000.0,,,200.0,0.0196356773376464,Simulated Annealing,52,200.0,0.9
48,55.93225875138808,[1 5 3 0 6 7 8 4 2 9],2000.0,,,200.0,0.0134584903717041,Simulated Annealing,52,200.0,0.9
16,55.93225875138808,[1 5 3 0 6 7 8 4 2 9],2000.0,,,200.0,0.0192618370056152,Simulated Annealing,52,200.0,0.9
23,55.93225875138808,[1 5 3 0 6 7 8 4 2 9],2000.0,,,200.0,0.0216832160949707,Simulated Annealing,52,200.0,0.9
14,55.93225875138808,[1 5 3 0 6 7 8 4 2 9],2000.0,,,200.0,0.0226616859436035,Simulated Annealing,52,200.0,0.9
59,55.93225875138808,[1 5 3 0 6 7 8 4 2 9],2000.0,,,200.0,0.0239720344543457,Simulated Annealing,52,200.0,0.9
36,55.93225875138808,[1 5 3 0 6 7 8 4 2 9],2000.0,,,200.0,0.0271072387695312,Simulated Annealing,52,200.0,0.9
63,55.93225875138808,[1 5 3 0 6 7 8 4 2 9],2000.0,,,200.0,0.0286722183227539,Simulated Annealing,52,200.0,0.9
15,55.96144453548096,[3 5 1 9 2 4 8 7 6 0],2000.0,,,200.0,0.0156490802764892,Simulated Annealing,52,200.0,0.9
44,55.96144453548096,[3 5 1 9 2 4 8 7 6 0],2000.0,,,200.0,0.0182607173919677,Simulated Annealing,52,200.0,0.9
92,55.96144453548096,[3 5 1 9 2 4 8 7 6 0],2000.0,,,200.0,0.0211074352264404,Simulated Annealing,52,200.0,0.9
64,55.96144453548096,[3 5 1 9 2 4 8 7 6 0],2000.0,,,200.0,0.0276288986206054,Simulated Annealing,52,200.0,0.9
31,56.127022539849634,[2 9 8 4 7 6 0 3 5 1],2000.0,,,200.0,0.0155680179595947,Simulated Annealing,52,200.0,0.9
30,56.127022539849634,[2 9 8 4 7 6 0 3 5 1],2000.0,,,200.0,0.0157570838928222,Simulated Annealing,52,200.0,0.9
62,56.33484081002699,[9 2 4 8 7 6 0 3 5 1],2000.0,,,200.0,0.0168461799621582,Simulated Annealing,52,200.0,0.9
98,56.33484081002699,[9 2 4 8 7 6 0 3 5 1],2000.0,,,200.0,0.0223326683044433,Simulated Annealing,52,200.0,0.9
80,56.72251808002392,[3 5 1 9 0 6 7 8 4 2],2000.0,,,200.0,0.014082908630371,Simulated Annealing,52,200.0,0.9
26,56.72251808002392,[3 5 1 9 0 6 7 8 4 2],2000.0,,,200.0,0.0152323246002197,Simulated Annealing,52,200.0,0.9
1,56.72251808002392,[3 5 1 9 0 6 7 8 4 2],2000.0,,,200.0,0.0156590938568115,Simulated Annealing,52,200.0,0.9
5,56.72251808002392,[3 5 1 9 0 6 7 8 4 2],2000.0,,,200.0,0.015946626663208,Simulated Annealing,52,200.0,0.9
22,56.72251808002392,[3 5 1 9 0 6 7 8 4 2],2000.0,,,200.0,0.0174145698547363,Simulated Annealing,52,200.0,0.9
51,56.72251808002392,[3 5 1 9 0 6 7 8 4 2],2000.0,,,200.0,0.0175778865814209,Simulated Annealing,52,200.0,0.9
67,56.72251808002392,[3 5 1 9 0 6 7 8 4 2],2000.0,,,200.0,0.0186471939086914,Simulated Annealing,52,200.0,0.9
90,56.72251808002392,[3 5 1 9 0 6 7 8 4 2],2000.0,,,200.0,0.0208585262298584,Simulated Annealing,52,200.0,0.9
0,56.72251808002392,[3 5 1 9 0 6 7 8 4 2],2000.0,,,200.0,0.0226862430572509,Simulated Annealing,52,200.0,0.9
18,56.72251808002392,[3 5 1 9 0 6 7 8 4 2],2000.0,,,200.0,0.0311982631683349,Simulated Annealing,52,200.0,0.9
52,57.0513065910142,[1 5 3 0 8 4 7 6 9 2],2000.0,,,200.0,0.0188169479370117,Simulated Annealing,52,200.0,0.9
66,57.0513065910142,[1 5 3 0 8 4 7 6 9 2],2000.0,,,200.0,0.0461115837097168,Simulated Annealing,52,200.0,0.9
17,57.14505552341413,[2 4 8 7 6 0 9 1 5 3],2000.0,,,200.0,0.0163195133209228,Simulated Annealing,52,200.0,0.9
56,57.14505552341413,[2 4 8 7 6 0 9 1 5 3],2000.0,,,200.0,0.0179910659790039,Simulated Annealing,52,200.0,0.9
33,57.14505552341413,[2 4 8 7 6 0 9 1 5 3],2000.0,,,200.0,0.0185701847076416,Simulated Annealing,52,200.0,0.9
46,57.14505552341413,[2 4 8 7 6 0 9 1 5 3],2000.0,,,200.0,0.0195779800415039,Simulated Annealing,52,200.0,0.9
97,57.14505552341413,[2 4 8 7 6 0 9 1 5 3],2000.0,,,200.0,0.0202245712280273,Simulated Annealing,52,200.0,0.9
10,57.14505552341413,[2 4 8 7 6 0 9 1 5 3],2000.0,,,200.0,0.0240004062652587,Simulated Annealing,52,200.0,0.9
91,57.14505552341413,[2 4 8 7 6 0 9 1 5 3],2000.0,,,200.0,0.0240712165832519,Simulated Annealing,52,200.0,0.9
7,57.18575474641327,[2 4 8 7 6 0 9 5 1 3],2000.0,,,200.0,0.0169973373413085,Simulated Annealing,52,200.0,0.9
49,57.2370849370632,[2 9 6 8 4 7 0 3 5 1],2000.0,,,200.0,0.0223321914672851,Simulated Annealing,52,200.0,0.9
41,57.70485724506395,[2 9 6 7 8 4 0 3 5 1],2000.0,,,200.0,0.0192885398864746,Simulated Annealing,52,200.0,0.9
85,57.70485724506395,[2 9 6 7 8 4 0 3 5 1],2000.0,,,200.0,0.0223000049591064,Simulated Annealing,52,200.0,0.9
6,58.70324342055582,[2 9 1 5 3 0 6 7 8 4],2000.0,,,200.0,0.016761302947998,Simulated Annealing,52,200.0,0.9
35,58.70324342055582,[2 9 1 5 3 0 6 7 8 4],2000.0,,,200.0,0.0183019638061523,Simulated Annealing,52,200.0,0.9
82,58.70324342055582,[2 9 1 5 3 0 6 7 8 4],2000.0,,,200.0,0.0191659927368164,Simulated Annealing,52,200.0,0.9
83,58.70324342055582,[2 9 1 5 3 0 6 7 8 4],2000.0,,,200.0,0.0324628353118896,Simulated Annealing,52,200.0,0.9
42,59.10896730529407,[4 8 7 6 0 3 5 1 9 2],2000.0,,,200.0,0.0144469738006591,Simulated Annealing,52,200.0,0.9
88,59.10896730529407,[4 8 7 6 0 3 5 1 9 2],2000.0,,,200.0,0.0171444416046142,Simulated Annealing,52,200.0,0.9
73,59.10896730529407,[4 8 7 6 0 3 5 1 9 2],2000.0,,,200.0,0.0176718235015869,Simulated Annealing,52,200.0,0.9
50,59.10896730529407,[4 8 7 6 0 3 5 1 9 2],2000.0,,,200.0,0.019026756286621,Simulated Annealing,52,200.0,0.9
95,59.10896730529407,[4 8 7 6 0 3 5 1 9 2],2000.0,,,200.0,0.0205128192901611,Simulated Annealing,52,200.0,0.9
89,59.10896730529407,[4 8 7 6 0 3 5 1 9 2],2000.0,,,200.0,0.0288729667663574,Simulated Annealing,52,200.0,0.9
11,59.96428288661795,[1 5 9 2 4 8 7 6 0 3],2000.0,,,200.0,0.0223417282104492,Simulated Annealing,52,200.0,0.9
99,59.96428288661795,[1 5 9 2 4 8 7 6 0 3],2000.0,,,200.0,0.0225043296813964,Simulated Annealing,52,200.0,0.9
19,59.96428288661795,[1 5 9 2 4 8 7 6 0 3],2000.0,,,200.0,0.026491641998291,Simulated Annealing,52,200.0,0.9
28,60.15133456280881,[3 5 1 9 2 6 0 7 8 4],2000.0,,,200.0,0.0181589126586914,Simulated Annealing,52,200.0,0.9
68,60.15133456280881,[3 5 1 9 2 6 0 7 8 4],2000.0,,,200.0,0.0192470550537109,Simulated Annealing,52,200.0,0.9
54,60.15133456280881,[3 5 1 9 2 6 0 7 8 4],2000.0,,,200.0,0.0204362869262695,Simulated Annealing,52,200.0,0.9
2,60.332091033339005,[4 8 7 0 6 2 9 1 5 3],2000.0,,,200.0,0.0193011760711669,Simulated Annealing,52,200.0,0.9
69,60.332091033339005,[4 8 7 0 6 2 9 1 5 3],2000.0,,,200.0,0.0265910625457763,Simulated Annealing,52,200.0,0.9
32,60.50829046194357,[6 7 8 4 2 9 0 3 5 1],2000.0,,,200.0,0.015371561050415,Simulated Annealing,52,200.0,0.9
78,60.50829046194357,[6 7 8 4 2 9 0 3 5 1],2000.0,,,200.0,0.0179557800292968,Simulated Annealing,52,200.0,0.9
81,60.50829046194357,[6 7 8 4 2 9 0 3 5 1],2000.0,,,200.0,0.0200808048248291,Simulated Annealing,52,200.0,0.9
55,60.51968287525219,[1 5 3 0 9 2 4 8 7 6],2000.0,,,200.0,0.0162920951843261,Simulated Annealing,52,200.0,0.9
96,60.637162528232096,[4 7 8 2 9 6 0 3 5 1],2000.0,,,200.0,0.0194358825683593,Simulated Annealing,52,200.0,0.9
60,61.447555963573535,[4 8 7 6 2 9 0 3 5 1],2000.0,,,200.0,0.0179188251495361,Simulated Annealing,52,200.0,0.9
58,61.447555963573535,[4 8 7 6 2 9 0 3 5 1],2000.0,,,200.0,0.0213210582733154,Simulated Annealing,52,200.0,0.9
94,62.4233201111451,[1 5 3 8 4 7 6 0 9 2],2000.0,,,200.0,0.0146019458770751,Simulated Annealing,52,200.0,0.9
61,62.79652070008157,[2 6 0 7 8 4 9 1 5 3],2000.0,,,200.0,0.0149042606353759,Simulated Annealing,52,200.0,0.9
37,63.476973285758746,[2 4 8 7 6 9 1 5 3 0],2000.0,,,200.0,0.0143384933471679,Simulated Annealing,52,200.0,0.9
75,63.476973285758746,[2 4 8 7 6 9 1 5 3 0],2000.0,,,200.0,0.0186202526092529,Simulated Annealing,52,200.0,0.9
70,63.72815904383218,[0 3 5 1 9 6 7 8 4 2],2000.0,,,200.0,0.0169286727905273,Simulated Annealing,52,200.0,0.9
39,63.75016611374023,[1 5 3 0 7 6 9 2 8 4],2000.0,,,200.0,0.015512466430664,Simulated Annealing,52,200.0,0.9
53,64.73312645053909,[0 3 5 1 9 2 4 8 7 6],2000.0,,,200.0,0.0175638198852539,Simulated Annealing,52,200.0,0.9
3,64.73312645053909,[0 3 5 1 9 2 4 8 7 6],2000.0,,,200.0,0.0186975002288818,Simulated Annealing,52,200.0,0.9
25,65.31517368259563,[0 3 5 1 9 2 6 7 8 4],2000.0,,,200.0,0.0194709300994873,Simulated Annealing,52,200.0,0.9
72,65.32172636349738,[7 6 9 2 4 8 0 3 5 1],2000.0,,,200.0,0.0203094482421875,Simulated Annealing,52,200.0,0.9
38,65.41960934408999,[4 8 7 6 2 9 1 5 3 0],2000.0,,,200.0,0.0154891014099121,Simulated Annealing,52,200.0,0.9
8,65.93114163254538,[7 8 4 2 9 1 5 3 0 6],2000.0,,,200.0,0.0178873538970947,Simulated Annealing,52,200.0,0.9
27,66.44836371603546,[6 0 3 5 1 9 2 4 8 7],2000.0,,,200.0,0.0143749713897705,Simulated Annealing,52,200.0,0.9
65,66.44836371603546,[6 0 3 5 1 9 2 4 8 7],2000.0,,,200.0,0.0212800502777099,Simulated Annealing,52,200.0,0.9
87,66.44836371603546,[6 0 3 5 1 9 2 4 8 7],2000.0,,,200.0,0.0386939048767089,Simulated Annealing,52,200.0,0.9
43,66.50505370630468,[2 9 1 5 3 8 4 7 6 0],2000.0,,,200.0,0.0158987045288085,Simulated Annealing,52,200.0,0.9
40,66.50505370630468,[2 9 1 5 3 8 4 7 6 0],2000.0,,,200.0,0.0207362174987792,Simulated Annealing,52,200.0,0.9
24,67.35687631364584,[2 4 8 7 9 1 5 3 0 6],2000.0,,,200.0,0.0170190334320068,Simulated Annealing,52,200.0,0.9
34,67.38681813605886,[4 2 9 1 5 3 0 6 7 8],2000.0,,,200.0,0.0155887603759765,Simulated Annealing,52,200.0,0.9
79,67.38681813605886,[4 2 9 1 5 3 0 6 7 8],2000.0,,,200.0,0.01823091506958,Simulated Annealing,52,200.0,0.9
29,67.6668633130866,[2 6 9 1 5 3 0 7 8 4],2000.0,,,200.0,0.015256643295288,Simulated Annealing,52,200.0,0.9
21,67.6668633130866,[2 6 9 1 5 3 0 7 8 4],2000.0,,,200.0,0.0158486366271972,Simulated Annealing,52,200.0,0.9
84,67.81844199146877,[2 6 0 3 5 1 9 7 8 4],2000.0,,,200.0,0.0144486427307128,Simulated Annealing,52,200.0,0.9
74,67.81844199146877,[2 6 0 3 5 1 9 7 8 4],2000.0,,,200.0,0.0211992263793945,Simulated Annealing,52,200.0,0.9
71,67.81844199146877,[2 6 0 3 5 1 9 7 8 4],2000.0,,,200.0,0.0212845802307128,Simulated Annealing,52,200.0,0.9
9,67.81844199146877,[2 6 0 3 5 1 9 7 8 4],2000.0,,,200.0,0.0241045951843261,Simulated Annealing,52,200.0,0.9
86,68.02556806401262,[4 8 7 6 5 1 3 0 9 2],2000.0,,,200.0,0.0209689140319824,Simulated Annealing,52,200.0,0.9
4,68.02556806401262,[4 8 7 6 5 1 3 0 9 2],2000.0,,,200.0,0.0222883224487304,Simulated Annealing,52,200.0,0.9
77,68.02556806401262,[4 8 7 6 5 1 3 0 9 2],2000.0,,,200.0,0.0302398204803466,Simulated Annealing,52,200.0,0.9
13,68.02556806401262,[4 8 7 6 5 1 3 0 9 2],2000.0,,,200.0,0.0476329326629638,Simulated Annealing,52,200.0,0.9
57,68.03209886737865,[4 8 2 9 1 5 3 0 6 7],2000.0,,,200.0,0.0152704715728759,Simulated Annealing,52,200.0,0.9
93,68.03209886737865,[4 8 2 9 1 5 3 0 6 7],2000.0,,,200.0,0.0153887271881103,Simulated Annealing,52,200.0,0.9
20,68.19598988747572,[4 8 7 0 3 5 1 9 6 2],2000.0,,,200.0,0.0172359943389892,Simulated Annealing,52,200.0,0.9
45,68.19598988747572,[4 8 7 0 3 5 1 9 6 2],2000.0,,,200.0,0.0187294483184814,Simulated Annealing,52,200.0,0.9
47,68.19598988747572,[4 8 7 0 3 5 1 9 6 2],2000.0,,,200.0,0.0198135375976562,Simulated Annealing,52,200.0,0.9
76,70.55166171824044,[4 7 0 3 5 1 9 6 8 2],2000.0,,,200.0,0.0181987285614013,Simulated Annealing,52,200.0,0.9
63,57.39373403743617,[7 1 8 3 2 9 4 0 5 6],,,,,0.0041370391845703,Hill Climb,14,,
40,57.39373403743617,[7 1 8 3 2 9 4 0 5 6],,,,,0.0047013759613037,Hill Climb,14,,
75,57.39373403743617,[7 1 8 3 2 9 4 0 5 6],,,,,0.005077838897705,Hill Climb,14,,
0,57.39373403743617,[7 1 8 3 2 9 4 0 5 6],,,,,0.0050826072692871,Hill Climb,14,,
26,57.39373403743617,[7 1 8 3 2 9 4 0 5 6],,,,,0.0052630901336669,Hill Climb,14,,
87,57.570038725767176,[6 5 0 4 9 2 3 8 1 7],,,,,0.0027287006378173,Hill Climb,14,,
96,57.570038725767176,[6 5 0 4 9 2 3 8 1 7],,,,,0.0027956962585449,Hill Climb,14,,
18,57.570038725767176,[6 5 0 4 9 2 3 8 1 7],,,,,0.0029549598693847,Hill Climb,14,,
80,57.570038725767176,[6 5 0 4 9 2 3 8 1 7],,,,,0.0031533241271972,Hill Climb,14,,
12,57.570038725767176,[6 5 0 4 9 2 3 8 1 7],,,,,0.0033450126647949,Hill Climb,14,,
39,57.570038725767176,[6 5 0 4 9 2 3 8 1 7],,,,,0.0036211013793945,Hill Climb,14,,
81,57.570038725767176,[6 5 0 4 9 2 3 8 1 7],,,,,0.003812551498413,Hill Climb,14,,
59,57.570038725767176,[6 5 0 4 9 2 3 8 1 7],,,,,0.0040912628173828,Hill Climb,14,,
51,57.570038725767176,[6 5 0 4 9 2 3 8 1 7],,,,,0.0042009353637695,Hill Climb,14,,
83,57.570038725767176,[6 5 0 4 9 2 3 8 1 7],,,,,0.0051484107971191,Hill Climb,14,,
84,58.23208204172836,[4 0 5 6 2 9 3 8 1 7],,,,,0.0028693675994873,Hill Climb,14,,
62,58.23208204172836,[4 0 5 6 2 9 3 8 1 7],,,,,0.0029032230377197,Hill Climb,14,,
47,58.23208204172836,[4 0 5 6 2 9 3 8 1 7],,,,,0.0030853748321533,Hill Climb,14,,
33,58.23208204172836,[4 0 5 6 2 9 3 8 1 7],,,,,0.0031449794769287,Hill Climb,14,,
73,58.23208204172836,[4 0 5 6 2 9 3 8 1 7],,,,,0.0033051967620849,Hill Climb,14,,
49,58.23208204172836,[4 0 5 6 2 9 3 8 1 7],,,,,0.0035986900329589,Hill Climb,14,,
25,58.23208204172836,[4 0 5 6 2 9 3 8 1 7],,,,,0.0036454200744628,Hill Climb,14,,
21,58.23208204172836,[4 0 5 6 2 9 3 8 1 7],,,,,0.0036919116973876,Hill Climb,14,,
82,58.23208204172836,[4 0 5 6 2 9 3 8 1 7],,,,,0.0037081241607666,Hill Climb,14,,
93,58.23208204172836,[4 0 5 6 2 9 3 8 1 7],,,,,0.0038015842437744,Hill Climb,14,,
77,58.23208204172836,[4 0 5 6 2 9 3 8 1 7],,,,,0.0038716793060302,Hill Climb,14,,
28,58.23208204172836,[4 0 5 6 2 9 3 8 1 7],,,,,0.0042695999145507,Hill Climb,14,,
20,58.41040147198835,[4 0 5 6 2 9 8 3 7 1],,,,,0.0027780532836914,Hill Climb,14,,
89,58.41040147198835,[4 0 5 6 2 9 8 3 7 1],,,,,0.003321886062622,Hill Climb,14,,
32,58.48238746408419,[7 1 8 3 9 2 6 5 0 4],,,,,0.0030927658081054,Hill Climb,14,,
27,58.48238746408419,[7 1 8 3 9 2 6 5 0 4],,,,,0.0036427974700927,Hill Climb,14,,
8,58.48238746408419,[7 1 8 3 9 2 6 5 0 4],,,,,0.0042812824249267,Hill Climb,14,,
38,58.48238746408419,[7 1 8 3 9 2 6 5 0 4],,,,,0.0110704898834228,Hill Climb,14,,
98,62.204083691391446,[6 0 5 2 9 8 3 7 1 4],,,,,0.0023093223571777,Hill Climb,14,,
22,62.3142352389241,[1 4 0 5 6 2 9 8 3 7],,,,,0.0032329559326171,Hill Climb,14,,
13,62.3142352389241,[1 4 0 5 6 2 9 8 3 7],,,,,0.0054795742034912,Hill Climb,14,,
60,62.322820418672826,[7 1 8 3 9 4 0 5 6 2],,,,,0.0037777423858642,Hill Climb,14,,
74,62.538900027693,[6 2 5 0 4 9 3 8 1 7],,,,,0.0031943321228027,Hill Climb,14,,
91,62.538900027693,[6 2 5 0 4 9 3 8 1 7],,,,,0.0042364597320556,Hill Climb,14,,
90,62.61699854519819,[2 9 8 3 7 1 4 0 5 6],,,,,0.0032863616943359,Hill Climb,14,,
2,62.61699854519819,[2 9 8 3 7 1 4 0 5 6],,,,,0.0037181377410888,Hill Climb,14,,
45,62.772329017101015,[6 5 0 4 1 7 3 8 9 2],,,,,0.0036275386810302,Hill Climb,14,,
46,62.772329017101015,[6 5 0 4 1 7 3 8 9 2],,,,,0.0036292076110839,Hill Climb,14,,
95,62.772329017101015,[6 5 0 4 1 7 3 8 9 2],,,,,0.0045723915100097,Hill Climb,14,,
56,62.80817489395843,[1 7 3 8 9 4 0 5 6 2],,,,,0.0043466091156005,Hill Climb,14,,
69,62.81460094005512,[7 3 8 9 2 6 5 0 4 1],,,,,0.0032193660736083,Hill Climb,14,,
3,63.038852718880136,[4 9 5 0 6 2 3 8 1 7],,,,,0.0033330917358398,Hill Climb,14,,
43,63.17992076767302,[6 0 5 2 3 7 1 8 9 4],,,,,0.0026030540466308,Hill Climb,14,,
7,63.17992076767302,[6 0 5 2 3 7 1 8 9 4],,,,,0.0031840801239013,Hill Climb,14,,
78,63.29007231520567,[1 8 9 4 0 5 6 2 3 7],,,,,0.0023081302642822,Hill Climb,14,,
52,63.50558162934578,[7 1 4 0 5 6 2 9 8 3],,,,,0.0025961399078369,Hill Climb,14,,
99,63.50558162934578,[7 1 4 0 5 6 2 9 8 3],,,,,0.0033130645751953,Hill Climb,14,,
15,63.50558162934578,[7 1 4 0 5 6 2 9 8 3],,,,,0.0037097930908203,Hill Climb,14,,
86,63.50558162934578,[7 1 4 0 5 6 2 9 8 3],,,,,0.0039970874786376,Hill Climb,14,,
67,63.50558162934578,[7 1 4 0 5 6 2 9 8 3],,,,,0.0046353340148925,Hill Climb,14,,
55,63.59283562147977,[2 3 7 1 8 9 4 0 5 6],,,,,0.00254487991333,Hill Climb,14,,
68,63.59283562147977,[2 3 7 1 8 9 4 0 5 6],,,,,0.0047903060913085,Hill Climb,14,,
6,63.889972208148045,[6 5 0 4 9 8 1 7 3 2],,,,,0.0032024383544921,Hill Climb,14,,
65,63.900210852037645,[4 9 8 1 7 3 2 5 0 6],,,,,0.0035910606384277,Hill Climb,14,,
29,64.00689465515472,[7 1 4 0 5 9 8 3 2 6],,,,,0.0059647560119628,Hill Climb,14,,
11,64.14224054698659,[6 2 9 4 0 5 3 8 1 7],,,,,0.0024471282958984,Hill Climb,14,,
9,64.42431835118295,[6 2 9 5 0 4 8 3 7 1],,,,,0.0026853084564208,Hill Climb,14,,
92,64.42431835118295,[6 2 9 5 0 4 8 3 7 1],,,,,0.0028162002563476,Hill Climb,14,,
1,64.52338370289793,[6 0 5 2 9 3 7 1 8 4],,,,,0.0039005279541015,Hill Climb,14,,
50,64.57195713777257,[7 1 8 3 5 0 6 2 9 4],,,,,0.0025551319122314,Hill Climb,14,,
31,64.8245208286074,[1 7 3 8 4 0 5 9 2 6],,,,,0.0036053657531738,Hill Climb,14,,
44,64.89019556228854,[6 2 3 7 1 8 9 5 0 4],,,,,0.0026531219482421,Hill Climb,14,,
72,64.89019556228854,[6 2 3 7 1 8 9 5 0 4],,,,,0.0026912689208984,Hill Climb,14,,
10,64.89019556228854,[6 2 3 7 1 8 9 5 0 4],,,,,0.0036158561706542,Hill Climb,14,,
4,64.96669587410578,[8 9 4 0 5 6 2 3 7 1],,,,,0.0032544136047363,Hill Climb,14,,
14,64.96669587410578,[8 9 4 0 5 6 2 3 7 1],,,,,0.0037357807159423,Hill Climb,14,,
48,65.06758213339131,[6 5 0 4 8 1 7 3 9 2],,,,,0.003056526184082,Hill Climb,14,,
66,65.07673072061685,[7 1 4 0 6 5 9 8 3 2],,,,,0.0021688938140869,Hill Climb,14,,
57,65.15735639530023,[3 2 6 5 0 4 9 8 1 7],,,,,0.002152681350708,Hill Climb,14,,
17,65.20161981544197,[4 9 3 7 1 8 2 5 0 6],,,,,0.0043082237243652,Hill Climb,14,,
53,65.25854367281323,[7 3 9 4 0 5 6 2 8 1],,,,,0.0025694370269775,Hill Climb,14,,
61,65.25854367281323,[7 3 9 4 0 5 6 2 8 1],,,,,0.003676414489746,Hill Climb,14,,
97,65.25854367281323,[7 3 9 4 0 5 6 2 8 1],,,,,0.0060219764709472,Hill Climb,14,,
76,65.2702071697249,[1 8 2 6 5 0 4 9 3 7],,,,,0.0027446746826171,Hill Climb,14,,
94,65.33908346173207,[2 3 8 9 5 6 0 4 1 7],,,,,0.0027945041656494,Hill Climb,14,,
5,65.33908346173207,[2 3 8 9 5 6 0 4 1 7],,,,,0.0033812522888183,Hill Climb,14,,
71,65.47083492642717,[4 0 5 6 2 3 7 1 8 9],,,,,0.0037817955017089,Hill Climb,14,,
41,65.57598196371826,[1 7 3 2 6 5 0 4 9 8],,,,,0.0031163692474365,Hill Climb,14,,
35,65.58179727534392,[4 9 2 6 0 5 8 3 7 1],,,,,0.0106556415557861,Hill Climb,14,,
23,65.68364883391119,[6 2 9 8 3 7 1 4 0 5],,,,,0.003157615661621,Hill Climb,14,,
37,65.68364883391119,[6 2 9 8 3 7 1 4 0 5],,,,,0.0045166015625,Hill Climb,14,,
88,65.70910204989542,[1 7 3 8 5 0 6 2 9 4],,,,,0.0053286552429199,Hill Climb,14,,
70,65.89435689406953,[1 7 3 8 4 0 6 5 9 2],,,,,0.002777099609375,Hill Climb,14,,
42,65.93386823559617,[6 5 2 9 8 3 7 1 4 0],,,,,0.0037038326263427,Hill Climb,14,,
58,66.04874274153752,[6 5 2 3 8 9 0 4 1 7],,,,,0.0041580200195312,Hill Climb,14,,
30,66.25761882091732,[2 3 7 1 8 9 5 6 0 4],,,,,0.0031447410583496,Hill Climb,14,,
24,66.50140088961717,[6 5 2 9 0 4 8 3 7 1],,,,,0.002617597579956,Hill Climb,14,,
36,66.69184261905102,[1 7 3 2 6 0 5 9 8 4],,,,,0.0043351650238037,Hill Climb,14,,
85,66.87275237987157,[6 2 9 8 1 7 3 5 0 4],,,,,0.0042452812194824,Hill Climb,14,,
19,67.41441015005032,[4 0 6 5 3 7 1 8 9 2],,,,,0.0028986930847167,Hill Climb,14,,
64,68.6869311144959,[1 7 3 5 0 4 8 9 2 6],,,,,0.0015852451324462,Hill Climb,14,,
54,68.6869311144959,[1 7 3 5 0 4 8 9 2 6],,,,,0.0026347637176513,Hill Climb,14,,
34,71.85517803446756,[1 4 0 5 3 7 8 9 2 6],,,,,0.0113754272460937,Hill Climb,14,,
79,72.39556269914439,[0 4 1 8 9 5 6 2 3 7],,,,,0.0019121170043945,Hill Climb,14,,
16,73.2049665345317,[1 4 0 9 8 7 3 2 5 6],,,,,0.0033278465270996,Hill Climb,14,,
59,62.27941050341416,[1 3 9 4 8 7 2 0 5 6],,,,,0.0029487609863281,Hill Climb,87,,
65,62.27941050341416,[1 3 9 4 8 7 2 0 5 6],,,,,0.0031707286834716,Hill Climb,87,,
63,62.27941050341416,[1 3 9 4 8 7 2 0 5 6],,,,,0.0040409564971923,Hill Climb,87,,
70,62.27941050341416,[1 3 9 4 8 7 2 0 5 6],,,,,0.0044207572937011,Hill Climb,87,,
41,62.27941050341416,[1 3 9 4 8 7 2 0 5 6],,,,,0.00445556640625,Hill Climb,87,,
43,62.27941050341416,[1 3 9 4 8 7 2 0 5 6],,,,,0.004462718963623,Hill Climb,87,,
46,62.27941050341416,[1 3 9 4 8 7 2 0 5 6],,,,,0.006340742111206,Hill Climb,87,,
40,63.82018693215558,[2 7 8 4 9 3 1 0 5 6],,,,,0.003070592880249,Hill Climb,87,,
76,63.82018693215558,[2 7 8 4 9 3 1 0 5 6],,,,,0.0038380622863769,Hill Climb,87,,
14,63.82018693215558,[2 7 8 4 9 3 1 0 5 6],,,,,0.003894567489624,Hill Climb,87,,
45,63.82018693215558,[2 7 8 4 9 3 1 0 5 6],,,,,0.0045742988586425,Hill Climb,87,,
49,63.82018693215558,[2 7 8 4 9 3 1 0 5 6],,,,,0.0059802532196044,Hill Climb,87,,
32,64.7535167316519,[6 5 0 2 7 8 4 9 3 1],,,,,0.0028774738311767,Hill Climb,87,,
62,64.7535167316519,[6 5 0 2 7 8 4 9 3 1],,,,,0.0034081935882568,Hill Climb,87,,
9,64.7535167316519,[6 5 0 2 7 8 4 9 3 1],,,,,0.0036265850067138,Hill Climb,87,,
36,64.7535167316519,[6 5 0 2 7 8 4 9 3 1],,,,,0.0037930011749267,Hill Climb,87,,
55,64.7535167316519,[6 5 0 2 7 8 4 9 3 1],,,,,0.0040023326873779,Hill Climb,87,,
68,64.7535167316519,[6 5 0 2 7 8 4 9 3 1],,,,,0.0040080547332763,Hill Climb,87,,
85,64.7535167316519,[6 5 0 2 7 8 4 9 3 1],,,,,0.0045149326324462,Hill Climb,87,,
28,64.7535167316519,[6 5 0 2 7 8 4 9 3 1],,,,,0.0046212673187255,Hill Climb,87,,
79,64.7535167316519,[6 5 0 2 7 8 4 9 3 1],,,,,0.0056164264678955,Hill Climb,87,,
60,64.7535167316519,[6 5 0 2 7 8 4 9 3 1],,,,,0.0057168006896972,Hill Climb,87,,
53,64.7535167316519,[6 5 0 2 7 8 4 9 3 1],,,,,0.0070528984069824,Hill Climb,87,,
17,64.82925077752995,[2 7 8 9 3 1 4 0 5 6],,,,,0.0034892559051513,Hill Climb,87,,
13,64.82925077752995,[2 7 8 9 3 1 4 0 5 6],,,,,0.003558874130249,Hill Climb,87,,
10,64.82925077752995,[2 7 8 9 3 1 4 0 5 6],,,,,0.0037951469421386,Hill Climb,87,,
75,64.82925077752995,[2 7 8 9 3 1 4 0 5 6],,,,,0.0039482116699218,Hill Climb,87,,
3,64.82925077752995,[2 7 8 9 3 1 4 0 5 6],,,,,0.00400972366333,Hill Climb,87,,
25,65.02771435337499,[6 5 0 1 3 9 4 8 7 2],,,,,0.0022845268249511,Hill Climb,87,,
95,65.02771435337499,[6 5 0 1 3 9 4 8 7 2],,,,,0.0028502941131591,Hill Climb,87,,
48,65.02771435337499,[6 5 0 1 3 9 4 8 7 2],,,,,0.0034635066986083,Hill Climb,87,,
29,65.02771435337499,[6 5 0 1 3 9 4 8 7 2],,,,,0.0034842491149902,Hill Climb,87,,
11,66.21332209857488,[6 5 0 4 1 3 9 8 7 2],,,,,0.0028402805328369,Hill Climb,87,,
69,66.21332209857488,[6 5 0 4 1 3 9 8 7 2],,,,,0.0033867359161376,Hill Climb,87,,
47,66.21332209857488,[6 5 0 4 1 3 9 8 7 2],,,,,0.0034410953521728,Hill Climb,87,,
83,66.21332209857488,[6 5 0 4 1 3 9 8 7 2],,,,,0.0037999153137207,Hill Climb,87,,
42,66.21332209857488,[6 5 0 4 1 3 9 8 7 2],,,,,0.0042400360107421,Hill Climb,87,,
56,66.21332209857488,[6 5 0 4 1 3 9 8 7 2],,,,,0.0043790340423583,Hill Climb,87,,
61,66.21332209857488,[6 5 0 4 1 3 9 8 7 2],,,,,0.0053541660308837,Hill Climb,87,,
15,67.04766811419368,[8 9 3 1 4 7 2 0 5 6],,,,,0.0039615631103515,Hill Climb,87,,
54,67.04766811419368,[8 9 3 1 4 7 2 0 5 6],,,,,0.0047066211700439,Hill Climb,87,,
27,71.1577028791648,[0 1 3 9 4 8 7 2 5 6],,,,,0.0027418136596679,Hill Climb,87,,
57,71.20603885862532,[6 5 0 4 2 7 8 9 3 1],,,,,0.0052340030670166,Hill Climb,87,,
81,71.49323764054299,[7 2 1 3 9 8 4 0 5 6],,,,,0.0026798248291015,Hill Climb,87,,
78,71.6298886356218,[8 4 9 3 1 0 5 6 2 7],,,,,0.0033574104309082,Hill Climb,87,,
94,71.73086891146599,[3 9 8 7 2 4 1 0 5 6],,,,,0.0038025379180908,Hill Climb,87,,
80,72.32370499368955,[1 3 9 8 4 0 5 6 2 7],,,,,0.0045430660247802,Hill Climb,87,,
39,72.90391632897229,[1 3 9 4 0 5 6 2 7 8],,,,,0.0028705596923828,Hill Climb,87,,
30,72.90391632897229,[1 3 9 4 0 5 6 2 7 8],,,,,0.0033671855926513,Hill Climb,87,,
52,73.60985423898977,[7 2 6 5 0 1 3 9 4 8],,,,,0.0040550231933593,Hill Climb,87,,
97,73.73797753715897,[6 5 0 1 4 2 7 8 9 3],,,,,0.0040576457977294,Hill Climb,87,,
67,73.8147383827336,[9 4 3 1 0 5 6 2 7 8],,,,,0.0023305416107177,Hill Climb,87,,
20,73.88131882480273,[6 5 0 4 8 7 2 1 3 9],,,,,0.0031952857971191,Hill Climb,87,,
8,74.11511224039283,[0 2 7 8 4 9 3 1 5 6],,,,,0.0029654502868652,Hill Climb,87,,
0,74.11511224039283,[0 2 7 8 4 9 3 1 5 6],,,,,0.0063271522521972,Hill Climb,87,,
74,74.23722369864517,[9 3 1 0 5 6 2 7 8 4],,,,,0.0020949840545654,Hill Climb,87,,
66,74.23722369864517,[9 3 1 0 5 6 2 7 8 4],,,,,0.003176212310791,Hill Climb,87,,
86,74.23722369864517,[9 3 1 0 5 6 2 7 8 4],,,,,0.0035281181335449,Hill Climb,87,,
44,74.32969111651919,[6 5 2 7 8 9 3 1 4 0],,,,,0.0029163360595703,Hill Climb,87,,
84,74.56103827781305,[3 1 4 0 5 6 2 7 8 9],,,,,0.0033600330352783,Hill Climb,87,,
51,74.56150750935348,[6 5 0 4 9 8 7 2 1 3],,,,,0.0039632320404052,Hill Climb,87,,
90,74.63885292527979,[8 7 2 6 5 0 4 9 3 1],,,,,0.0025169849395751,Hill Climb,87,,
26,74.63885292527979,[8 7 2 6 5 0 4 9 3 1],,,,,0.0040321350097656,Hill Climb,87,,
7,74.63885292527979,[8 7 2 6 5 0 4 9 3 1],,,,,0.0041606426239013,Hill Climb,87,,
99,74.63885292527979,[8 7 2 6 5 0 4 9 3 1],,,,,0.0044643878936767,Hill Climb,87,,
24,74.77713113226227,[4 0 5 6 2 7 8 9 3 1],,,,,0.00227952003479,Hill Climb,87,,
91,74.79546198418964,[7 2 6 5 0 4 1 3 9 8],,,,,0.0025768280029296,Hill Climb,87,,
88,74.79546198418964,[7 2 6 5 0 4 1 3 9 8],,,,,0.0034863948822021,Hill Climb,87,,
38,75.12237121317128,[9 4 8 7 2 6 5 0 1 3],,,,,0.0035130977630615,Hill Climb,87,,
35,75.12237121317128,[9 4 8 7 2 6 5 0 1 3],,,,,0.0040693283081054,Hill Climb,87,,
50,75.12237121317128,[9 4 8 7 2 6 5 0 1 3],,,,,0.006080150604248,Hill Climb,87,,
58,75.31445794734499,[8 7 2 6 5 0 1 3 4 9],,,,,0.0032570362091064,Hill Climb,87,,
64,75.31445794734499,[8 7 2 6 5 0 1 3 4 9],,,,,0.0035269260406494,Hill Climb,87,,
82,75.31445794734499,[8 7 2 6 5 0 1 3 4 9],,,,,0.0038609504699707,Hill Climb,87,,
34,75.31445794734499,[8 7 2 6 5 0 1 3 4 9],,,,,0.0039258003234863,Hill Climb,87,,
16,75.31445794734499,[8 7 2 6 5 0 1 3 4 9],,,,,0.0051169395446777,Hill Climb,87,,
98,75.41620520740678,[1 0 5 6 2 7 8 4 9 3],,,,,0.0040123462677001,Hill Climb,87,,
71,75.81862008123318,[4 8 7 2 6 5 0 1 3 9],,,,,0.0022096633911132,Hill Climb,87,,
87,75.83734557616602,[3 1 4 9 8 0 5 6 2 7],,,,,0.0029404163360595,Hill Climb,87,,
1,75.83734557616602,[3 1 4 9 8 0 5 6 2 7],,,,,0.0035698413848876,Hill Climb,87,,
5,76.24349133710884,[9 8 7 2 6 5 0 4 3 1],,,,,0.0033245086669921,Hill Climb,87,,
92,76.24349133710884,[9 8 7 2 6 5 0 4 3 1],,,,,0.00514817237854,Hill Climb,87,,
37,76.29029538802035,[1 3 9 8 7 2 6 5 0 4],,,,,0.0027575492858886,Hill Climb,87,,
72,77.05079464508307,[3 9 4 8 7 2 6 5 0 1],,,,,0.0027999877929687,Hill Climb,87,,
93,78.23640239028295,[3 9 8 7 2 6 5 0 4 1],,,,,0.0028729438781738,Hill Climb,87,,
31,78.23640239028295,[3 9 8 7 2 6 5 0 4 1],,,,,0.0032539367675781,Hill Climb,87,,
21,78.43755551552266,[9 3 1 0 5 6 4 8 7 2],,,,,0.0027031898498535,Hill Climb,87,,
22,78.43755551552266,[9 3 1 0 5 6 4 8 7 2],,,,,0.003084659576416,Hill Climb,87,,
19,79.03358906622908,[7 8 9 3 1 4 0 5 6 2],,,,,0.0022168159484863,Hill Climb,87,,
89,79.1077823141181,[3 1 0 5 6 4 9 8 7 2],,,,,0.0034093856811523,Hill Climb,87,,
23,79.1077823141181,[3 1 0 5 6 4 9 8 7 2],,,,,0.0050280094146728,Hill Climb,87,,
73,79.39453378616395,[3 1 5 6 0 4 9 8 7 2],,,,,0.0038838386535644,Hill Climb,87,,
4,79.63987362780645,[2 7 8 9 4 5 6 0 1 3],,,,,0.0028295516967773,Hill Climb,87,,
33,79.83045189663318,[2 7 8 9 4 0 5 6 1 3],,,,,0.0017340183258056,Hill Climb,87,,
18,79.83045189663318,[2 7 8 9 4 0 5 6 1 3],,,,,0.0017852783203125,Hill Climb,87,,
12,84.23931852667486,[3 1 7 2 6 5 0 4 9 8],,,,,0.0022380352020263,Hill Climb,87,,
6,84.76031160300757,[2 7 8 3 1 0 5 6 4 9],,,,,0.0028846263885498,Hill Climb,87,,
96,84.76779267017396,[9 3 1 0 5 4 8 7 2 6],,,,,0.0038309097290039,Hill Climb,87,,
77,85.04706307505342,[2 7 8 3 1 5 6 0 4 9],,,,,0.0033996105194091,Hill Climb,87,,
2,90.4679521692367,[9 4 5 0 1 3 8 7 2 6],,,,,0.0028932094573974,Hill Climb,87,,
92,55.86426018969545,[0 6 7 8 4 2 9 1 5 3],,,,,0.0015406608581542,Hill Climb,52,,
90,55.86426018969545,[0 6 7 8 4 2 9 1 5 3],,,,,0.0017547607421875,Hill Climb,52,,
97,55.86426018969545,[0 6 7 8 4 2 9 1 5 3],,,,,0.0022540092468261,Hill Climb,52,,
36,55.86426018969545,[0 6 7 8 4 2 9 1 5 3],,,,,0.0049445629119873,Hill Climb,52,,
0,55.86426018969545,[0 6 7 8 4 2 9 1 5 3],,,,,0.0092973709106445,Hill Climb,52,,
55,55.86426018969545,[0 6 7 8 4 2 9 1 5 3],,,,,0.0104475021362304,Hill Climb,52,,
12,55.86426018969545,[0 6 7 8 4 2 9 1 5 3],,,,,0.0119013786315917,Hill Climb,52,,
83,55.93225875138808,[1 5 3 0 6 7 8 4 2 9],,,,,0.0021584033966064,Hill Climb,52,,
99,55.93225875138808,[1 5 3 0 6 7 8 4 2 9],,,,,0.0025532245635986,Hill Climb,52,,
78,55.93225875138808,[1 5 3 0 6 7 8 4 2 9],,,,,0.0026028156280517,Hill Climb,52,,
67,55.93225875138808,[1 5 3 0 6 7 8 4 2 9],,,,,0.002742052078247,Hill Climb,52,,
54,55.93225875138808,[1 5 3 0 6 7 8 4 2 9],,,,,0.0035719871520996,Hill Climb,52,,
56,55.93225875138808,[1 5 3 0 6 7 8 4 2 9],,,,,0.0045912265777587,Hill Climb,52,,
32,55.93225875138808,[1 5 3 0 6 7 8 4 2 9],,,,,0.0048639774322509,Hill Climb,52,,
24,55.93225875138808,[1 5 3 0 6 7 8 4 2 9],,,,,0.0074577331542968,Hill Climb,52,,
81,55.96144453548096,[3 5 1 9 2 4 8 7 6 0],,,,,0.0018441677093505,Hill Climb,52,,
64,55.96144453548096,[3 5 1 9 2 4 8 7 6 0],,,,,0.0019731521606445,Hill Climb,52,,
71,55.96144453548096,[3 5 1 9 2 4 8 7 6 0],,,,,0.0022413730621337,Hill Climb,52,,
49,55.96144453548096,[3 5 1 9 2 4 8 7 6 0],,,,,0.0035305023193359,Hill Climb,52,,
16,55.96144453548096,[3 5 1 9 2 4 8 7 6 0],,,,,0.0094501972198486,Hill Climb,52,,
60,55.96144453548096,[3 5 1 9 2 4 8 7 6 0],,,,,0.0133106708526611,Hill Climb,52,,
75,56.127022539849634,[2 9 8 4 7 6 0 3 5 1],,,,,0.0019659996032714,Hill Climb,52,,
43,56.127022539849634,[2 9 8 4 7 6 0 3 5 1],,,,,0.0032529830932617,Hill Climb,52,,
34,56.127022539849634,[2 9 8 4 7 6 0 3 5 1],,,,,0.0036573410034179,Hill Climb,52,,
33,56.127022539849634,[2 9 8 4 7 6 0 3 5 1],,,,,0.0038709640502929,Hill Climb,52,,
58,56.127022539849634,[2 9 8 4 7 6 0 3 5 1],,,,,0.0194146633148193,Hill Climb,52,,
3,56.33484081002699,[9 2 4 8 7 6 0 3 5 1],,,,,0.0045726299285888,Hill Climb,52,,
73,56.72251808002392,[3 5 1 9 0 6 7 8 4 2],,,,,0.0017027854919433,Hill Climb,52,,
72,56.72251808002392,[3 5 1 9 0 6 7 8 4 2],,,,,0.0017218589782714,Hill Climb,52,,
69,56.72251808002392,[3 5 1 9 0 6 7 8 4 2],,,,,0.0019726753234863,Hill Climb,52,,
85,56.72251808002392,[3 5 1 9 0 6 7 8 4 2],,,,,0.0021674633026123,Hill Climb,52,,
74,56.72251808002392,[3 5 1 9 0 6 7 8 4 2],,,,,0.0022392272949218,Hill Climb,52,,
89,56.72251808002392,[3 5 1 9 0 6 7 8 4 2],,,,,0.0023577213287353,Hill Climb,52,,
39,56.72251808002392,[3 5 1 9 0 6 7 8 4 2],,,,,0.003788948059082,Hill Climb,52,,
46,56.72251808002392,[3 5 1 9 0 6 7 8 4 2],,,,,0.005861759185791,Hill Climb,52,,
57,56.72251808002392,[3 5 1 9 0 6 7 8 4 2],,,,,0.0130584239959716,Hill Climb,52,,
65,57.0513065910142,[1 5 3 0 8 4 7 6 9 2],,,,,0.0014090538024902,Hill Climb,52,,
35,57.14505552341413,[2 4 8 7 6 0 9 1 5 3],,,,,0.0031893253326416,Hill Climb,52,,
28,57.14505552341413,[2 4 8 7 6 0 9 1 5 3],,,,,0.0035088062286376,Hill Climb,52,,
29,57.14505552341413,[2 4 8 7 6 0 9 1 5 3],,,,,0.0036828517913818,Hill Climb,52,,
38,57.14505552341413,[2 4 8 7 6 0 9 1 5 3],,,,,0.0042431354522705,Hill Climb,52,,
20,57.14505552341413,[2 4 8 7 6 0 9 1 5 3],,,,,0.014911413192749,Hill Climb,52,,
51,57.2370849370632,[2 9 6 8 4 7 0 3 5 1],,,,,0.0028378963470458,Hill Climb,52,,
47,57.2370849370632,[2 9 6 8 4 7 0 3 5 1],,,,,0.0033357143402099,Hill Climb,52,,
15,57.2370849370632,[2 9 6 8 4 7 0 3 5 1],,,,,0.0128734111785888,Hill Climb,52,,
17,57.70485724506395,[2 9 6 7 8 4 0 3 5 1],,,,,0.0077438354492187,Hill Climb,52,,
88,58.70324342055582,[2 9 1 5 3 0 6 7 8 4],,,,,0.0028791427612304,Hill Climb,52,,
9,58.70324342055582,[2 9 1 5 3 0 6 7 8 4],,,,,0.0034098625183105,Hill Climb,52,,
21,58.70324342055582,[2 9 1 5 3 0 6 7 8 4],,,,,0.0039656162261962,Hill Climb,52,,
44,58.70324342055582,[2 9 1 5 3 0 6 7 8 4],,,,,0.0073063373565673,Hill Climb,52,,
19,58.70324342055582,[2 9 1 5 3 0 6 7 8 4],,,,,0.0111839771270751,Hill Climb,52,,
77,59.10896730529407,[4 8 7 6 0 3 5 1 9 2],,,,,0.0022456645965576,Hill Climb,52,,
22,59.4754937454892,[3 0 6 7 8 4 2 9 5 1],,,,,0.003995656967163,Hill Climb,52,,
6,59.4754937454892,[3 0 6 7 8 4 2 9 5 1],,,,,0.0169069766998291,Hill Climb,52,,
93,59.95075425032861,[1 5 3 0 6 9 2 4 8 7],,,,,0.0016970634460449,Hill Climb,52,,
13,60.15133456280881,[3 5 1 9 2 6 0 7 8 4],,,,,0.0039396286010742,Hill Climb,52,,
10,60.15133456280881,[3 5 1 9 2 6 0 7 8 4],,,,,0.0106146335601806,Hill Climb,52,,
37,60.19304730077906,[7 8 4 2 9 6 0 3 5 1],,,,,0.002701997756958,Hill Climb,52,,
66,60.332091033339005,[4 8 7 0 6 2 9 1 5 3],,,,,0.0022661685943603,Hill Climb,52,,
96,60.332091033339005,[4 8 7 0 6 2 9 1 5 3],,,,,0.0022931098937988,Hill Climb,52,,
53,60.332091033339005,[4 8 7 0 6 2 9 1 5 3],,,,,0.0058739185333251,Hill Climb,52,,
26,60.50829046194357,[6 7 8 4 2 9 0 3 5 1],,,,,0.0033812522888183,Hill Climb,52,,
50,60.637162528232096,[4 7 8 2 9 6 0 3 5 1],,,,,0.0108265876770019,Hill Climb,52,,
80,62.4233201111451,[1 5 3 8 4 7 6 0 9 2],,,,,0.0018930435180664,Hill Climb,52,,
18,62.4233201111451,[1 5 3 8 4 7 6 0 9 2],,,,,0.0028777122497558,Hill Climb,52,,
48,62.4233201111451,[1 5 3 8 4 7 6 0 9 2],,,,,0.0148940086364746,Hill Climb,52,,
62,63.476973285758746,[2 4 8 7 6 9 1 5 3 0],,,,,0.0017066001892089,Hill Climb,52,,
41,63.476973285758746,[2 4 8 7 6 9 1 5 3 0],,,,,0.0033481121063232,Hill Climb,52,,
42,63.75016611374023,[1 5 3 0 7 6 9 2 8 4],,,,,0.0026996135711669,Hill Climb,52,,
87,64.48034384246002,[6 7 8 4 2 9 1 5 3 0],,,,,0.0012643337249755,Hill Climb,52,,
23,64.48034384246002,[6 7 8 4 2 9 1 5 3 0],,,,,0.0022742748260498,Hill Climb,52,,
25,64.73312645053909,[0 3 5 1 9 2 4 8 7 6],,,,,0.0016942024230957,Hill Climb,52,,
94,65.93114163254538,[7 8 4 2 9 1 5 3 0 6],,,,,0.0011229515075683,Hill Climb,52,,
61,66.37525685999842,[4 7 8 2 9 1 5 3 0 6],,,,,0.0068626403808593,Hill Climb,52,,
5,66.37525685999842,[4 7 8 2 9 1 5 3 0 6],,,,,0.0112586021423339,Hill Climb,52,,
14,66.37525685999842,[4 7 8 2 9 1 5 3 0 6],,,,,0.0131142139434814,Hill Climb,52,,
98,66.44836371603546,[6 0 3 5 1 9 2 4 8 7],,,,,0.0022599697113037,Hill Climb,52,,
7,66.44836371603546,[6 0 3 5 1 9 2 4 8 7],,,,,0.0027432441711425,Hill Climb,52,,
4,66.44836371603546,[6 0 3 5 1 9 2 4 8 7],,,,,0.0029149055480957,Hill Climb,52,,
91,67.1153221314605,[6 0 3 5 1 9 7 8 4 2],,,,,0.0017054080963134,Hill Climb,52,,
79,67.1153221314605,[6 0 3 5 1 9 7 8 4 2],,,,,0.0021381378173828,Hill Climb,52,,
2,67.1153221314605,[6 0 3 5 1 9 7 8 4 2],,,,,0.0121181011199951,Hill Climb,52,,
82,67.38681813605886,[4 2 9 1 5 3 0 6 7 8],,,,,0.0024683475494384,Hill Climb,52,,
59,67.38681813605886,[4 2 9 1 5 3 0 6 7 8],,,,,0.0028858184814453,Hill Climb,52,,
31,67.38681813605886,[4 2 9 1 5 3 0 6 7 8],,,,,0.0029177665710449,Hill Climb,52,,
8,67.38681813605886,[4 2 9 1 5 3 0 6 7 8],,,,,0.0035810470581054,Hill Climb,52,,
95,67.64701165430674,[8 7 6 0 3 5 1 9 2 4],,,,,0.0013976097106933,Hill Climb,52,,
63,67.64701165430674,[8 7 6 0 3 5 1 9 2 4],,,,,0.0014605522155761,Hill Climb,52,,
70,67.64701165430674,[8 7 6 0 3 5 1 9 2 4],,,,,0.0022437572479248,Hill Climb,52,,
30,67.64701165430674,[8 7 6 0 3 5 1 9 2 4],,,,,0.0045211315155029,Hill Climb,52,,
1,67.64701165430674,[8 7 6 0 3 5 1 9 2 4],,,,,0.0054283142089843,Hill Climb,52,,
52,67.64701165430674,[8 7 6 0 3 5 1 9 2 4],,,,,0.0112354755401611,Hill Climb,52,,
76,67.81844199146877,[2 6 0 3 5 1 9 7 8 4],,,,,0.0031383037567138,Hill Climb,52,,
27,67.81844199146877,[2 6 0 3 5 1 9 7 8 4],,,,,0.0033106803894042,Hill Climb,52,,
11,68.02556806401262,[4 8 7 6 5 1 3 0 9 2],,,,,0.0034389495849609,Hill Climb,52,,
84,68.03209886737865,[4 8 2 9 1 5 3 0 6 7],,,,,0.0013134479522705,Hill Climb,52,,
86,69.9899090551611,[7 6 9 1 5 3 0 8 4 2],,,,,0.0015597343444824,Hill Climb,52,,
68,70.55166171824044,[4 7 0 3 5 1 9 6 8 2],,,,,0.0017304420471191,Hill Climb,52,,
45,70.55166171824044,[4 7 0 3 5 1 9 6 8 2],,,,,0.0034224987030029,Hill Climb,52,,
40,73.48651816871677,[9 2 4 8 7 5 1 3 0 6],,,,,0.0033340454101562,Hill Climb,52,,
