Execução,Distância Total,Melhor Caminho,Iterações,População,Mutação,Tentativas,Tempo de Execução
33,319.2576370983068,"[40 72 83 53 80 52 59 73 24 29 95 76 16 58 55 47 64 65 15 78 57 36 39 90
 81 19 75 92 37 25 27 99 69 28 18 89  2 42 30 96 17 70 60  6 12 62 71 77
  5 88 79 31 51  9 86 49  3 48  8 68 26 20  0 10 50 67 45  4 38 87 82 66
 46 54 23 84 93 94 34 22 32 85 91 44 33  7 13 14 56 35 97 63 98 21 11 43
  1 74 41 61]",800,500,0.2,30,204.4208846092224
42,337.9610215302503,"[39 36 57 55 12  6 62 71 10 26 90 87 82 66 38  4 81 68 45 64 65 78 15 47
 58 16 60 96 70 72 24 29 95 76 51  9 86 99 11 43  1 74 41 61 54 46 25 92
 37 75 27 19 93 48  8 34 89 56 14 13 35 97 98 21 23 84 94 69 63 91 44 33
  7 85 28 18 59 80 53 73 40  2 31 79  5 77  0 20 50 88 67 49  3 22 32 52
 83 42 30 17]",800,500,0.2,30,203.96126294136047
10,342.83523420231523,"[25 37 92 75 23 61 41 11 84 94 68 90 64 50 79 67 76 51 40 73 42 72 83 59
 52 18 28 35 97 85 91 63 98 48 86 88 10  0 20 58 16 47 57 36 39 78 15 55
 12 71  5 77 62  6 60 17 96 30 70 53 80 89 22 21 43  1 74 54 46 93 27 19
 81  9 56 14 32 69 99 45 24 29 95 26 65 38 87 82 66  4 31  2 49  3  8 34
 13  7 33 44]",800,500,0.2,30,202.18774843215945
35,342.9717441503697,"[44 33  7 35 98 11 19 66 87 82 39 15 78 55 12  6 60 17 96 30 70 24 89 56
 14 13 85 91 63 69 99 34 48  8  9 86 51 31 76 79 67 88 26 10 50 23 61 41
 54 27 81 90 47 58 16 20  0 65 64 45 68 94 84 93 75 92 37 25 46 74  1 43
 21 22 32 97 28 18 52 59 83 73 40  2 49  3 29 95 71 62 77  5  4 38 36 57
 42 72 80 53]",800,500,0.2,30,203.12085127830505
13,343.9963682977768,"[19 54 23 84 94 11 98 97 85 14 13  7 33 44 91 63 22 35 28 89  3 86  9 50
  5 77 71 42 52 59 80 53 30 72 83 73 40 24 95 88 90 38 57 36 39 82 66 92
 75 37 25 46 41 61 74  1 43 21 32 56 18 29  2 76 79 67 45 68 81 27 93 64
 26 10  0 20 16 58 15 78 12 55 47 65 87  4 99 69  8 34 48 49 51 31 62  6
 60 17 96 70]",800,500,0.2,30,203.88462901115415
18,344.0147641279295,"[74 43 91 85 35 56 52 29  2 24 95 42  6 12 55 47 78 15 57 36 82 65 90 64
 10 77 71  5 88 67 68 99 69 49 31 76 79 51 45 81 19 27 38 87 39 66  4 86
  9 48  3 59 80 53 83 72 73 40 70 17 96 30 60 62 50 26 58 16 20  0 75 92
 37 25 46 93 84 94  8 34 32 97 63 98 11 41 61 54 23  1 21 22 89 28 18 14
 13  7 33 44]",800,500,0.2,30,204.57745790481567
36,345.030197978522,"[57 36 66  4 46 54 23 41 61 74 43 11  1 97 28 13 56 35 22 32 63 21 98 48
 69 99 84 94 45 31 86  3 89 18 14  7 85 91 44 33 59 53 80 72 83 42 95 24
  2 76 71 62 12  6 60 17 96 30 70 50 81 19 37 25 92 75 27 93 49 29 40 73
 52  8 34  9 51 67 79 10 26 64 90 65 16 55 15 78 47 58 20  0  5 77 88 68
 38 87 82 39]",800,500,0.2,30,204.41422414779663
17,345.5870303744276,"[60 17 96 30 70 42 65 64 81 99 69 85 91 44 33  7 13 14 56 18 28 35 97 22
 32 63 21  1 41 61 23 98 89  3 49 51 31  9 86 45 88  5 77 71 40 73 59 80
 53 52 34 48  8  2 29 24 83 72 95 76 79 67 26 10  0 16 62 55 78 47 58 20
 50 68 94 93 54 46 25 37 92 75  4 38 87 82 39 66 27 19 84 74 43 11 90 36
 57 15 12  6]",800,500,0.2,30,198.48362112045288
94,346.28881728622446,"[60 17 96 30 70 42 88 50 26 78 57 36 39 87  4 90 65 20 16 55 58 15 47  0
 10 79 51  2 29 24 40 73 72 83 59 53 80 52  7 85 97 22 32 21 41 61 23 54
 46 94 99 69 98 11  1 43 74 63 91 44 33 13 35 28 95 71 77  5 64 67 86  9
  3 89 14 56 18  6 12 62 81 19 27 93 84  8 34 48 49 31 76 45 68 25 37 92
 75 66 82 38]",800,500,0.2,30,203.76619672775269
27,346.38551823487336,"[52 18 28 89 35 14 13 97 63 69 34  8 86  0 20 16 55 62 42 40 24 31 51 68
 94 84 99 21 98 22 32 56 85 91 74 43 11 23 54 25 46 93 19 81 88 10 77  5
 71 70 30 96 17 60  6 12 58 65 90 38  4 64 26 50 79 76 67 47 15 78 57 36
 39 82 87 66 75 92 37 27 45  9 48  3 49  2 29 95 73 72 83 59 80 53 33 44
  7  1 41 61]",800,500,0.2,30,202.9600031375885
6,346.7330247115338,"[98 69 32 22 89 52 83 95 31 76 67 10 50 64 81 27 19 93 84 94 99 11 46 37
 75 92 25 54 23 41 61  1 63 91 85 14 56 35 97 34  8 48 68  4 87 65 15 47
 20 12  0 26 90 38 66 82 39 36 57 78 55 58 16 77 71  5 79 51  9 86 49 59
 80 53 72 40 29 42 73 24  2  3 28 18 13 33 44  7 21 43 74 45 88 62  6 60
 17 96 30 70]",800,500,0.2,30,203.69995260238647
43,346.8867005457287,"[44 33  7 14 28 18 89 80 53 30 70 42 24 49  8 22 32 97 98 69 84 93 54 23
 74  1 43 21 35 56 13 85 91 63 99 86  9 45 68 94 46 37 92 27 19 25 75  4
 38 66 87 82 90 65 20 16 77 67 51 31 76 79 88 64 39 36 57 78 15 47 55 58
  0 10 26 81 61 41 11 34 48  3  2 29 95 71 62  5 50 40 73 72 83 52 59 17
 96 60  6 12]",800,500,0.2,30,205.103125333786
15,347.03744692887483,"[91 63 97 35 32 22  3 52 80 53 56 13 14 33 44  7 85 98 69 84 93 90 64 57
 36 20  0 26 88 50  5 71 62  6 12 16 65 39 66  4 19 75 37 92 25 46 54 23
 41 11 21 43  1 74 61 99  8 34 48 49  2 95 73 40 24 29 89 18 28 94 27 81
 68 45 86  9 51 31 67 79 76 42 70 60 17 30 96 72 83 59 77 10 38 87 82 78
 15 47 58 55]",800,500,0.2,30,202.91850066185
75,347.5543573055567,"[60  6 12 16  0 90 38  4 11 21 98 69  8 48  3 34 88 26 50 68 45 10  5 71
 62 95 76 67 81 19 93 27 94 84 99 97 28 56 13 85 74 43  1 61 41 23 54 46
 25 37 92 75 63 91 44 33  7 14 89 40 73 83 72 17 96 30 70 42 24 29  2 49
 86  9 51 31 79 77 20 58 55 47 15 78 39 82 87 66 36 57 65 64 53 80 59 52
 18 35 32 22]",800,500,0.2,30,203.64333963394165
60,347.90445252676045,"[74  1 43  3 42 70 17 96 30 72 83 73 40 53 80 59 52 29 24 95 71 62 77 50
 94 93 27  4 66 87 38 65 47 58 55 16 20  0 26 90 82 39 36 57 78 15 64 45
 68 23 54 61 41 11 21 34  8 86  9 48 22 32 13  7 33 44 91 63 98 69 99 97
 35 28 18 89 49  2 51 31 67 81 19 75 92 37 25 46 84 85 14 56 76 79 88 10
  5 12  6 60]",800,500,0.2,30,205.05589818954468
80,348.03859054423003,"[17 96 30 70 60  6 12 62  5 26 50 67 31 51 49  9 86  8 32 97 56 13 14 33
 44  7 85 91 63 11 41 61 74  1 43 94 27 19 81 90 65 15 78 47  0 16 55 57
 36 39 66 92 25 37 75  4 79 95 42 24 29  2 76 88 64 82 87 38 68 45 52 59
 18 28 35 22 89 10 58 20 77 71 40 73 80 53 83 72  3 34 48 69 99 84 93 46
 54 23 98 21]",800,500,0.2,30,204.08524990081787
48,348.2051344695563,"[25 92 54 56 14 13 33 44  7 85 21 11 99 84 94 93 19 81  8 34  3 49 51  2
 95 24 29 52 59 53 80 83 72 17 96 30 70 60  6 12 55 58 20  0 10 50 88 79
 67 45  9 86 22 91 63 98 69 68  5 77 62 71 27 46 37 75 66 87 82 78 15 57
 36 39 90 64 26 76 31 40 73 42 16 47 65 38  4 48 89 18 28 35 97 32 43  1
 74 61 41 23]",800,500,0.2,30,204.46491694450376
62,349.3502851231052,"[44 33  7 13 14 56 28 18 89  8  3 51 76 79 15 78 57 36 39 82 66 87 38  4
 81  5 77 12  6 60 96 70 62  0 20 16 55 58 26 10 64 90 65 47 50 71 42 53
 80 73 40 95 31 45 68 21 43  1 74 61 41 97 22 32 98 11 99 69 63 91 85 35
 52 59 83 72 17 30 24 29 49  9 86 48 34 94 84 23 54 46 75 92 37 25 93 19
 27  2 67 88]",800,500,0.2,30,205.37510442733765
2,349.86502512541955,"[40 73 83 72 42  6 60 17 96 30 70 29  2 31 86 45 68 94 84 61 41  7 13 14
 52 59 53 80 24 95 71 88 64 82 87 38  4 79 67  9 69 11  1 74 43 21 98 56
 18 89  3 34 48  8 99 23 54 93 81 19 27 46 25 37 92 75 66 39 36 57 65 26
 10 50  5 77 62 20  0 16 58 47 55 12 76 51 49 35 97 85 91 44 33 28 22 32
 63 90 15 78]",800,500,0.2,30,198.83963108062744
34,349.9816282371747,"[25 37 46 23 41 61 54 93 81 90 64 65 47 15 78 57 36 39 66  4 19 27 94 84
  1 98 63 32 22 18 56 13 14 33 44 91 97 35 28 89  3 31 76 79 67  9 86 45
 38 87 82  5 77 71 12  6 60 17 96 30 70 42 95 24  2 51 29 40 73 83 53 80
 59 49 69 99 68 88 50 26 10  0 20 55 58 16 62 72 52  7 85 21 11 92 75  8
 48 34 43 74]",800,500,0.2,30,204.56908440589905
77,351.2032862400648,"[53 80 59 89  3 67 88 26 10  0 20 16 58 55  6 60 17 30 96 70 42 29 35 32
 21 43  1 74 41 61 54 23 11 99 34 48  8 94 93 81 27 19  4 38 87 82 66 39
 90 64  9 86 97 13 14 56 85 22 68 45 71 62 72 83 52 18 28  7 33 44 91 63
 98 69 84 46 25 92 37 75 36 57 65 77  5 50 79 76 31 51 49  2 24 95 40 73
 12 47 15 78]",800,500,0.2,30,203.9817464351654
24,352.12364061797985,"[74 11 98 69 34 49 88 64 90 81 19 27 93 94 84 23 41 61  1 21 63 32 18 52
 59 80 53 73 72 83 40 24 95 45  4 38 87 66 82 39 47 58 16 20 77 71 62 12
  6 60 17 96 30 70 42 51 86 68 75 92 37 25 46 54 43 99  8 48  3 31 76 79
 65 36 57 78 15 55  0  9 91 44 33  7 14 13 56 35 28 89 67  5 10 26 50  2
 29 22 97 85]",800,500,0.2,30,203.1476664543152
8,352.1386252417604,"[66 87 82 39 36 57 78 15 47 58 55 12  6 62 71 50 68 99 69 11 63 91 44 33
  7 89  3 49 86  9 45 67 76 24  2 51 79  5 88 10 26 64 90 65 16 20  0 77
 42 72 83 59 52 28 14 13 35 97 32 22 34 48 31 95 73 40 29 94 25 37 92 75
 27 81  8 70 60 30 96 17 53 80 18 56 85 98 21 74 41 61 54 93 84 43  1 23
 46 19  4 38]",800,500,0.2,30,202.86483597755432
4,352.2307353684507,"[60 17 96 30 70 12 55 16 20  0 47 15 78 39 66  4 90 26 50  5 67 95 29  2
 86 34 32 97 63 21 43  1 74 11 23 54 46 81 79  6 62 88 64 65 38 87 82 57
 36 75 25 37 92 27 19 93 61 41 69 98 22 35 13 14 28 89  3 49 40 73 72 83
 53 80 59 52 18 56 85 48  8 45 68 94 84 99  9 51 31 76 71 77 10 58 42 24
  7 33 44 91]",800,500,0.2,30,204.41239404678345
50,352.812584580353,"[17 96 30 70 60 12 16 58 20  0 71 42 95  2 29 49 83 72 73 40 24 31 76 79
 51 86  9 45 88 26 90 65 15 36 57 78 55  6 62  5 50 94 84 99 11 69 22 97
 32 28 18 89  3 67 10 64 87 66 75 37 46 93 27 19 81  8 34 48 68  4 38 23
 41 61 74  1 43 21 98 63 35 56 14 13  7 33 44 91 85 52 80 53 59 77 47 39
 82 92 25 54]",800,500,0.2,30,196.1042621135712
53,353.3652873007776,"[60 17 30 96 70 42 72 83 76 67 31 51  9 86 68 81 84 54 41 61 11 98 63 22
 32 97 85  7 13 14 18 89 88 50 26 90 87 82 66 75 92 37 25 46 23 69 99 94
 93 27 19  4 38 39 36 47 58 16 55 12 77  5 79 95 29 28 56 35  1 74 43 21
 48  8 49  2 24 40 73 52  3 45 71  6 62 10 64 65 57 78 15 20  0 34 91 44
 33 59 80 53]",800,500,0.2,30,201.8594415187836
83,353.51632296779366,"[44 33  7 13 14 28 18 56 35 85 91 63 89 52 24 79 88 64 65 57 36 82 87 39
 78 15 58  0 26 81 19 93 31 76 42 70 30 96 53 80 59 72 83 73 40 29 95 62
 12  6 71 77  5 90 38  4 66 27 94 84 11 99 69 22 32 97 98 21  1 43 74 41
 61 23 46 37 92 75 25 54 34  9 86 20 16 55 47 10 50 67 51  2 49 45 68  8
 48  3 17 60]",800,500,0.2,30,203.04597330093384
7,353.62945979571714,"[53 80 52 98 43 22 32 97 35 85 63 91 33 44  7 13 14 56 28 18 89  3 49 86
 45  9 51 31 76 79 42 30 96 17 70 60  6 12 55 16 10  5 77 71 62 95 24 29
 67 88 26 58 47 78 15 64 94 81  4 87 82 66 27 93 84  8 48 34  2 40 73 72
 83 59 69 41 61 23 19 38 90 65 20  0 50 68 99 11 21  1 74 54 46 75 92 37
 25 39 57 36]",800,500,0.2,30,203.9779281616211
32,353.8449327198775,"[36 57 65 90 64  0 20 16 47 15 78 39 82 87  4 75 92 37 25 54 23  8 34 48
 49 51  2 29 24 83 72 96 30 17 76 79 67 86 98 21 94 68 88 10 50  5 77 71
 62 40 73 53 80 59 52 33 44  7 35 97 63 43  1 74 61 41 11 69 99  9 31 95
 42 70 60  6 12 55 58 26 81 19 27 93 46 84  3 89 18 28 56 14 13 85 91 32
 22 45 38 66]",800,500,0.2,30,204.1332001686096
84,354.1857487401284,"[26 16 55 12 60 30 96 70 42 79 76 51  9 86 88 50 10  0 20 58 47 15 78 57
 36 39 82  4 27 46 25 37 92 75 84 94 93 19 81 66 87 38 90 65 64 68 45 67
 31  2 29 24 59 80 53 89 22 32 69 99 11 54 23 61 41 21 97 56 14 13  7 85
 35 18 52 17 72 83 73 40 95 71  5 77 62  6 33 44 91 63 74  1 43 98  3 49
  8 48 34 28]",800,500,0.2,30,203.85110116004944
14,354.6227683923986,"[85 97 22 32 43 74 61 41 23 93 27  4 90 64 50  5 77 62 71 79 51  2 29 18
 56 13  7 33 14 34 48  8 68 45 31 24 40 73 59 80 53 72 83 52 49  9 86 26
 65 78 15 55 12  6 60 17 96 30 70 42 95 76 67 88 10 20 16 66 25 75 92 37
 19 81 99 98 63 69 84 94 46 54  1 21 11 38 87 82 39 36 57 47 58  0  3 89
 28 35 91 44]",800,500,0.2,30,203.5520384311676
20,355.13477629040074,"[44 33  7 13 14 56 35 69 99 11 23 93 19 25 46 54 61 41 21 98 22 32 28 18
 89 52 59 83 72 73 24 29 49  9 86  8 48 34 63 91 85 97  3 51 31 76 79 67
 88 10 55 12 62 71 95 40 80 53 30 70 42  5 77 50  0 58 47 36 57 78 15 16
 20 26 64 90 65 39 82 38  4 68 94 81 45  2  6 60 17 96 87 66 75 92 37 27
 84  1 43 74]",800,500,0.2,30,203.89101672172544
91,355.3826085192461,"[60 12 58 47 57 36 39 38  4 81 93 84 99 98 11 94 27 19 66 82 87 65 55 16
 20  0 10 77  5 26 50 67 51 31 76 79 86  8 22 32 97 69 23 54 25 92 37 75
 46 41 61 74  1 43 21 63 89  3 29 24 95  2 49 48 34 28 18 14 33 44 91 85
 52 59 17 96 30 70 73 40 53 80 83 72 42  6 62 71 45 68 90 64 78 15 88  9
 35 56 13  7]",800,500,0.2,30,206.1911265850067
58,355.419759283991,"[60 17 96 30 70 42 71  6 62 77 79 67 10 47 15 78 55 58 20 65 90 38 87 82
 57 36 39 66  4 81 19 93 23 11 99 69 43 98 63 97  8 86 51 49 40 73 53 80
 24 95 76 31 45 27 46 75 92 37 25 54 61 41 84 94 68  2 29 52 89 22 32 85
 91 35 13 33 44  7 56 14 28  9 64 26  0 16 12  5 50 88 48 34  3 72 83 59
 18 21  1 74]",800,500,0.2,30,205.1470069885254
45,356.74696323276385,"[12  6 60 17 96 30 70 72 83 59 52 18 28 22 32 63 91 44 33  7 85 35 97 74
 23 54 37 25 75 92 46 66 38  4 45 68 99 41 61 84 94 27 81 88 77 58 47 55
 15 78 39 82 87 90 95 53 80 40 73 24  2  9 86 69 11 43  1 21 98 89  3 34
 48  8 49 29 51 31 79 50 10  0 16 20 26  5 71 62 42 76 67 64 65 57 36 19
 93 56 13 14]",800,500,0.2,30,203.4736034870148
54,356.8528022874869,"[80 83 72 17 96 70 24 29 49 89 56 13 85 91 63 11 98 32 22 28 18  9 86 45
 68 94 84 93 46 25 92 37 75 27 19  4 65 58 55 15 78 57 36 39 82 38 87 66
 64 26 10  5 77 71 62 42 95 76 54 23 41 61 74  1 43 21 34  3  2 51 31 67
 90 47 16 12  6 60 30 53 52 59 73 40 48  8 88 50 79 20  0 81 99 69 97 35
 14  7 33 44]",800,500,0.2,30,201.8852014541626
22,357.2512238462924,"[53 80 17 96 30 70 60  6 12 89 85 91  7 13 28 18 14 56 35 32 22 34 48  8
 68 93 92 75 27  3 51 95 62  5 50 88 67 31 29 52 59 72 83 73 40 24 76 79
 64 69 41 61 74  1 43 21 63 44 33 97 98 11 99 81 19  4 38 87 66 82 39 65
  0 20 16 58 55 47 15 78 57 36 90 45 86  9 49  2 42 71 77 10 26 94 84 46
 37 25 23 54]",800,500,0.2,30,203.1587028503418
3,358.15400140932013,"[12 55 16 58 26 10 77 71  5  9 22 32 63 74  1 69 45 42 70 17 96 30 60  6
 62 72 83  2 76 15 78 57 36 50 79 31 51 49 35 97 85 91 14 18 89  3  8 99
 11 43 21 98 84 94 93 27 19 66 39 47 20  0 65 87 82 38  4 90 64 88 67 95
 73 53 80 59 40 24 29 52 28 56 13  7 33 44 34 48 86 68 81 75 92 37 25 46
 54 23 41 61]",800,500,0.2,30,189.73704314231875
99,358.63153577805986,"[17 30 59 52 18 28 89  3 51 31  2 24 40 73 72 83 42 49  9 67 50 90 38 82
 87  4 81 93 94 84 99 69 98 74 41 61 23 54 46 25 92 75 37 27 19 88 10 26
 65 47 57 36 39 66 64 77  5 62  0 20 58 16 12  6 60 96 70 76 86 11  1 43
 21 63 97 35 13 14 56 32 22 34 68 45 15 78 55 71 79 95 29 80 53 33 44  7
 85 91 48  8]",800,500,0.2,30,203.38211798667908
51,359.05780360840834,"[65 90 38 27 93 54 23 61 41 11  1 74 43 21 85  7 33 44 91 63 98 99 84 46
 37 92 25 75 66  4 64 26 10  0 20 16 58 55 57 36 39 88 50  5 77 71 62 72
 83 40 95 51  9 45 68 48 34  3 52 59 73 70 60 17 30 96 53 80  2 86 67 79
 76 31 89 28 18 56 35 22  8 49 32 97 13 14 29 24 42  6 12 47 15 78 82 87
 81 19 94 69]",800,500,0.2,30,205.13513350486755
19,360.4221782423497,"[17 96 53 80 59 79 64 38 87 82 39 66 75 37 27 19 81 45 68 94 84 74  1 43
 63 91 97 32 22 34 48 90 65 15 78 57 36 47 58 16 55 12 70 30 60  6 62 77
  5 50 10 26  4 54 61 41 21 98 69 99 93 92 25 46  8  3 49 95 24 40 73 72
 83 42 71  0 20 88 67 76 31  2 86  9 51 29 52 89 18 28 56 14 13 85 44 33
  7 35 11 23]",800,500,0.2,30,202.6479687690735
65,360.68983280692953,"[36 57 65 26 10 77 71 62 17 96 30 60  6 12 55 15 78 39 82 87 66 38  4 88
 67 76 31 86 48  8 34 97 43  1 74 11 23 54 75 27 19 93 94 84 68  2 42 70
 83 72 73 40 49  9 45 90 47 58 16 20  0 64  3 32 85  7 33 44 91 22 81 92
 37 25 46 99 69 63 98 21 41 61 35 14 13 56 28 18 89 29 24 95 79 50  5 51
 52 59 80 53]",800,500,0.2,30,203.27455759048465
90,360.8193468886894,"[44 33  7 13 14 56 28 18 89  3 48 86 88 55 12 60  6 51 31  2 49 52 59 80
 53 83 72 17 96 30 70 42 95 76 79 67 19 93 46 37 75 66 82 39 78 15 47 58
 16 20  0 10 50  9 45 81 11  1 74 43 21 98 34  8 68 38 87  4 94 84 23 54
 25 92 27 64 26 77 62 71 73 40 24 29  5 57 36 65 90 63 91 85 35 97 32 22
 69 99 41 61]",800,500,0.2,30,202.9266173839569
23,361.532921410312,"[40 53 80 59  7 33 44 91 85 13 89  3 48  8 94 45 31 51 76 79 67 88  5 10
 58 47 15 78 82 66  4 90 64 57 36 39 87 75 92 84 99 69 98 63 56 14 18 28
 35 97 41 61 74  1 43 21 52 83 72 73 60 17 96 30 70 42 71 77 50 26 65 38
 68  9 86 34 22 32 11 23 54 46 25 37 27 93 19 81 62 16  0 20 55 12  6 95
 24 29  2 49]",800,500,0.2,30,204.34912204742432
92,361.6299954641512,"[25 75 66 39 57 78 15 55 47 58 16  0 10 67 51  2 49  3 89 32 99 11 41 61
 98 63 91 48  8 34  9 50 20 12  6 60 70 17 96 30 42 71  5 77 62 72 83 95
 76 79 88 90 64 65 87  4 94 84 93 46 37 92 54 23 74  1 43 22 35 56 14 33
 44  7 85 13 18 28 97 21 69 68 45 38 82 36 26 86 31 29 52 59 80 53 73 40
 24 81 19 27]",800,500,0.2,30,203.5717420578003
81,362.0562020833226,"[17 70 60  6 77  5 64 65 20 16  0 10 79 76 67 26 47 15 78 57 36 39 87 38
  4 19 27 84 11  1 43 98 22 18 28 56 13 14 85 97 69 99 68 88 50 71 29 59
 52 89  3 34 48  8 86  9 51 31 40 73 83 72 96 30 42 95 45 81 93 54 23 41
 61 74 21 63 91 33 44  7 35 32 49  2 90 82 66 75 92 37 25 46 94 62 12 55
 58 24 80 53]",800,500,0.2,30,202.9296102523804
30,362.1157985062642,"[41 61 46 25 37 92 75 54 23 84 19 81  4 47 58 16 55 12  6 62 71 79 76 31
 22 32 85 91 63 98 43 74  1 11 99 68 64 57 36 66 51 52 59 80 53 17 96 30
 60 70 29  2 49 89 14 13 33 44  7 56 18 28 21 69 34 48  8 86  9 95 24 40
 73 72 83 42 77  5 10 26 50 88 45 94 93 27 90 65  0 20 15 78 39 82 87 38
 67  3 35 97]",800,500,0.2,30,203.24326634407043
79,363.16205474719214,"[68 45 67 79 50 71 62 12  6 42 95 24 40 73 83 89 13  7 85 97 63 21  1 74
 43 99 84 93 75 92 37 25 46 54 23 61 41 94 88 10 16 58 47 57 36 39 55 60
 30 96 72 52 18 28 32 22 34 48  8 81 19 27  4 38 78 15 20  0 70 17 53 80
 59 29  2 49  3 56 35 14 33 44 91 98 11 69 86  9 51 31 76 64 26  5 77 65
 90 87 82 66]",800,500,0.2,30,202.05813455581665
89,363.2867595220742,"[12 62 77  5 64 90 38 39 36 57 78 15 47 55 31 49 99 69 63 91 44 33  7 97
 48 68 81 93  2 29 24 76 67 88 50 71 42 70 96 30 17 53 80 52 59 72 83 73
 40 95 51 86 94 27 19 92 37 25 75  4 66 82 87 65 20 58 16  0 10 26 79 45
 98 21  1 74 43 11 54 46 84  9  8 34  3 35 85 13 14 56 28 18 89 22 32 41
 61 23  6 60]",800,500,0.2,30,204.61094188690183
71,364.4400440493726,"[17 30 96 72 83 73 40 52 59  2 31 90 39 36 57 47 20  5 77 62 71  6 12 55
 78 15 65 26 50 67 79 80 53 28 18 14 13 97 63 98 84 93 27 19 94 99 69 91
 44 33  7 85 74  1 43 11  8 34 48  3 89 56 35 32 22 21 41 61 23 54 46 37
 92 25 75  4 64 10 60 70 42 95 49 51 76 88  0 58 16 82 66 87 38 45 24 29
  9 86 68 81]",800,500,0.2,30,203.18889498710632
66,364.7342683781064,"[97 85  7 13 14 56 28 89 67 79 71 62 77  5 50 86  8 34 63 74 61 41 23 81
 45 88 10 26 58 16 20 55 12  6 60 96 17 30 70 42 72 59 52 18 33 44 91 35
 22  3 49 29  2 24 73 83 40 95 76 31 51  9 19 27 93 46 37 36 57 47  0 64
 90 94 84 99 69 98 48 68  4 38 87 82 65 15 78 39 66 75 92 25 54 11  1 43
 21 32 80 53]",800,500,0.2,30,204.8783748149872
63,365.5626531119782,"[53 83 72 89  8 94 81 19 66 38  4 45 68 99 11 74  1 43 21 98 69 26 77  5
 50 88 79 76 67 86 34 48  9 31 10  0 20 64 90 87 82 78 15 47 58 16 71 62
 12  6 95 24  2 49  3 28 18 14 13  7 33 44 91 63 84 93 54 23 41 61 97 85
 56 35 32 22 29 42 70 17 96 30 60 55 65 57 36 39 75 92 37 25 46 27 51 40
 73 52 59 80]",800,500,0.2,30,203.5030438899994
93,365.77883150005295,"[13 56 22 32 28 14 33 44 91 63 21 98 69 99  8 48 68 38 87 66 82 39 36 57
 65 90 64 77  5 71 62 42  6 12 55 47 58 10 50 79 67 76 31 51 49  3 34 94
 19 81 20 16 60 17 72 83 73 40 53 80  7 85 43 11 41 61 23 54 46 37 25 92
 75 27 93 84  1 74 97 35 18 89  2 24 95 29 86  9 45  4 88 26  0 15 78 70
 30 96 52 59]",800,500,0.2,30,205.2330343723297
64,365.8589537412519,"[87 66 39 36 57 15 47 16 26 64 88  5 71 95 79 67  9 45 48 34  3 89 22 32
 97 35 56 13 14 52 53 80 59 49 68 81 90 65 20 55 12  6 60 30 70 42 10 50
 84 93 75 37 92 25 46 54 23 11 74 63 91 44 33  7 85 28 18 83 72 73 40 29
  2  8 86 51 31 76  4 38 82 78 58  0 77 62 17 96 24 69 99 41 61  1 43 21
 98 94 27 19]",800,500,0.2,30,204.95917963981628
28,366.3602634411517,"[40 73 72 83 18 85 91 44 33  7 14 13 97 32 22  3 84 46 25 37 92 75 54 23
 41 61 93 27 19 94 68 51 31 39 36 57 58 16 62 96 30 17 53 80 28 56 35 63
 98 69 11 43  1 74 21 89 49  2 95 42 71  0 47 15 78 55 20 10 26 64  4 38
 90 88 77  5 50 67 79 76  9 86 48 34  8 99 81 45 24 29 52 59 70 60  6 12
 65 82 87 66]",800,500,0.2,30,202.8621122837067
69,366.4327293762006,"[44 33 35 28 89  3 86  9 79 77 12  6 83 53 80 59 24  2 76 67 64 90 65 36
 39 82 66 87 38 81 94 84 93 19 27 75 25 61 41 74  1 43 63 91 85 97 22 34
 48  8 68 45  5 71 40 73 72 30 70 42 95 29 31 51 49 69 99 88 50 26 10  0
 20 55 60 17 96 62 16 58 47 15 78 57  4 92 37 46 54 23 11 21 98 32 14  7
 13 56 18 52]",800,500,0.2,30,203.26703643798828
46,366.75265283792896,"[92 75 46 76 71 12  6 42 72 52 59 80 53 33 44  7 56 35 97 32 34  8 48  3
  2 29 24 73 83 40 95 79  4 38 66 87 82 39 78 15 55 16 58 67 31 51 49 94
 84 23 61 43  1 74 21 91 63 98 11 93 27 19 81 45 68 99 69 85 13 14 18 28
 22 89 86  9 90 65 20  0 10 26 50 70 17 96 30 60 62 77  5 88 64 47 57 36
 37 25 54 41]",800,500,0.2,30,204.6080310344696
40,367.9794941964443,"[60 17 96 70 30 67 76 51  9 45 68 94 93 27 19 81 86  8 69 11 98 21 74 63
 91 85 97 32 22 99 84  4 66 82 39 78 15 57 36 37 92 25 54 61 41 23 46 75
 87 38 90 64 26 10 50 79 29 89 28 13 14 95 62 16 20  0 65 47 58 55 12  6
 42 72 83 59 52 18 43  1 34 48 56 33 44  7 35  3 49  2 71 77  5 88 31 24
 40 73 80 53]",800,500,0.2,30,196.9678053855896
87,368.3289077157817,"[55 15 57 36 66 82 39 78 47 58 20 65 90 38  4 69 22 32 35 85  7 18  8 49
 29 71  0 16 12  6 60 17 53 80 59 33 44 91 98 21 11 99 41 61 54 23 84 93
 19 27 81  9 51 31 50 26 10  5 77 62 76  2 24 73 83 40 95 79 88 64 45 68
 94 46 75 37 92 25 87 67 86 48 34  3 89 14 13 56 63 43  1 74 97 28 52 72
 42 70 30 96]",800,500,0.2,30,217.3137438297272
88,370.3061624155069,"[35 18 89 29 24 95 76 88 15 78 82 75 92 37 25 46 93  9  2 52 80 53 72 83
 73 40 59 33 44 91 85  7 13 14 56 28 51 31 79 67 10 77 62  6 60 17 30 96
 70 42 49  3  8 68  4 38 64 50  5 71 12 55 16 58 47 26 45 99 11 98 21 43
  1 74 41 61 23 54 66 87 39 36 57 69 63 97 22 32 34 48 86  0 20 65 90 81
 19 27 94 84]",800,500,0.2,30,203.16967010498047
95,370.3230450178729,"[90  4 99 69 34  8 86 51 31 76 42 70 30 96 17 53 80 52 48  3 89 28 18 13
 56 35 43  1 11 84 94 27 19 54 23 61 41 98 63 22 32 97 59 83 72 73 40 24
 49  9 88 26 10 95 29  2 67 79 71 77  5 50 45 68 75 37 92 25 46 93 81 62
 12 55 47 58 16 20  0 64 65 39 36 57 78 15 82 87 66 38  6 60 14 85  7 33
 44 91 21 74]",800,500,0.2,30,203.5939555168152
67,371.0629529113072,"[90 65 64 77 71 40 24 29  2 49 51 67 88 26 50 98 43 74  1 94 81 38 87 57
 36 39 82 66  4 23 54 46 25 92 27 19  8 48 34 22 32 63 69 99 68 10 20 16
 58 47 78 15 55  0  5 79 76 95 73 59 83 72 60 17 96 30 70 42 62 12  6 31
 45  9 86  3 89 52 80 53 33 44  7 13 14 56 35 97 85 91 21 11 41 61 93 75
 37 84 28 18]",800,500,0.2,30,204.63282251358032
38,372.1035580873906,"[66 38  4 19 27 81 68 45 34  3 89 49 29 24  2 71 62 16 58 78 47 20  0 10
 26 64 50 77  5 79 67 69 99 11 23 54 41 61  1 97 22 32 63 91  7 56 35 52
 83 72 73 40 95 51 31 48  8 86  9 88 82 87 39 36 57 15 55  6 42 76 94 93
 46 75 92 37 25 84 13 14 18 28 90 65 12 60 17 96 30 70 53 80 59 33 44 85
 98 21 43 74]",800,500,0.2,30,204.1009588241577
29,372.2389864819182,"[55 58 16 20  0 64 88 68 98  1 11 99  8 52 59 80 53 17 96 30 70 12 77  5
 50 79 94 84 61 41 23 54 46 75 37 25 92 27  4 86 48 34  3 28 18 14 85 63
 21 43 74 91 44 33  7 89 49 51 26 47 15 78 57 36 39 65 62 42 72 83 73 40
 67 38 87 66 82 90 10 71 95 24 29  2  9 45 81 19 93 69 32 97 56 13 35 22
 31 76  6 60]",800,500,0.2,30,201.85555696487427
72,372.3218854949766,"[12 62 77 67  8 48 34 22 21 43 41 61 11 69 51 31 76 79  2 49 29 24 95  0
 58 55 47 15 78 57 65 90 38  4 19 92 75 46 54 23 68 45 88  5 71 70 17 96
 30 60  6 42 72 83 73 40 20 16 36 39 82 87 66 81 93 84 99 98 63 85  7 14
 13 56 35 28 18 59 53 80 52 89  3 94 37 25 27 64 10 26 50  9 86 32 97 33
 44 91 74  1]",800,500,0.2,30,203.7093935012817
11,372.4657980049765,"[91 85  7 13 14 35 97 32 34 48 84 19 93 54 23 99 69 11 43  1 74 21 98 63
 22 89 28 56 18 49 24 95 42 70 72 83 80 53 59 52  3  8 86 88 50  5 10  0
 20 16 58 65 38 90 45 51 31 76 79 67  9 68 94 41 61 46 92 75 27 81  4 82
 39 36 57 78 15 71  2 29 17 30 96 60  6 62 77 26 64 12 55 47 87 66 37 25
 40 73 33 44]",800,500,0.2,30,204.08457350730896
55,373.42346903797335,"[60  6 12 50 88 79 95 59 83 72 73 40 24 29  2 51 31 68 45  9 86 48 34 94
 84 46 75 66 82 39 65 90 64 67 76  3 22 35 13 14 33 44  7 56 52 17 96 30
 70 42 62  0 20 16 58 47 78 57 36 15 55 10 26 81 19 93 54 23 99 49 53 80
 89 32 85 91 63 97 28 18 11 41 61  1 74 43 21 98 69  8  4 38 87 71 77  5
 27 25 37 92]",800,500,0.2,30,202.69018459320068
0,373.858656522534,"[91 32 22  3 34  8 99 11 43 74  1 23 54 46 25 92 37 75 27 19 93 94 84 69
 98 21 63 56 14 28  9 68 81  4 38 87 66 82  0 20 55 47 78 15 65 90 64 86
 51  2 29 24 83 72 42 76 79 71 77 10 16 58 26 67 31 95 40 73 52 18  7 85
 48 45 88 50  5 62  6 60 17 96 30 70 12 57 36 39 13 33 44 61 41 97 35 89
 49 59 80 53]",800,500,0.2,30,203.0034203529358
70,374.7850041607148,"[42 72 83 80 59 31 76 67 84 93 75 37 92 25 46 54 61 41 98 22 28 18 35 13
  7 85 91 63 89 86  9 88 10 16 58 64 90 82 39 36 57 78 15 47 55 12  6 60
 17 70 29 49 50  5 77 62 30 96 53 52 51 71 26  0 20 65 94 99 11 43  1 74
 21 44 33 14 56 97 32  3 34 48  8 69 23 27 19 81 68 45 38 87 66  4 79 95
 73 40 24  2]",800,500,0.2,30,204.61248183250427
57,375.8094632822509,"[53 83 24  2 49 77 55 47 26 81 94 93 23 11 21 91 63 32 34 48  8 69 98 85
  7 13 14 56 28 18 89 52 59 80 29 51 31 67 79 45 68 19  4 82 39 57 36 66
 75 92 46 25 37 27 84 74  1 43 22 97 35 33 44  3 86 88 50  5 71 62  6 12
 16  0 20 58 65 87 38 90 64 78 15 10 76 40 73 72 60 17 30 96 70 42 95  9
 99 41 61 54]",800,500,0.2,30,202.74310755729675
21,375.95496627510727,"[44 33  7 56 18 91 63 43 74 84 68 88 26 64 65 90 38  4 75 92 46 19 81 86
  9 31 76 79 50  5 10  0 20 58 47 16 55 62 83 72 60 17 96 30 70 42 77 15
 78 36 57 39 82 66 87 27 93 94 11 98 21  1 41 61 99 69 89  3 49  2 29 51
  8 48 34 97 28 52 59 73 40 24 95 67 45 37 25 54 23 85 14 13 35 32 22 71
 12  6 80 53]",800,500,0.2,30,203.6132769584656
86,376.1585223460074,"[60 17 70 99 11 23 25 75 66 65 64 45  3 18 56 13 14 33 44  7 85 91 63 97
 32 89 34 48  8 94 19 27 93 54 61 41 74  1 43 21 98 69 86  9 31 51 76 67
 79 88 55 57 36 39 90 49  2 29 24 95 71  0 58 47 15 78 82 87 38  4 81 92
 37 46 84 68 50  5 77 62 12  6 42 40 73 83 59 80 53 96 30 72 52 28 35 22
 26 10 20 16]",800,500,0.2,30,218.77776980400083
56,378.09782406475904,"[88 20 47 55 12  6 62 71 77  5 50 76 31  3 89 35 74 61 41 21 98 63 91  7
 56 14 13 33 59 40 24 29 52 80 53 18 28 69 43  1 23 54 46 25 37 92 75 66
  4 27 93 19 81 90 82 39 36 57  0 10 79 67  9 48 34  8 49  2 95 42 72 83
 73 51 45 68 94 84 11 99 86 16 58 15 78 87 38 65 64 26 60 17 96 30 70 22
 32 97 85 44]",800,500,0.2,30,203.07854080200195
25,378.325183317122,"[17 96 30 70 60  6 71 45 68  9 53 80 52 63 74  1 43 11 84 94 93 19 27 23
 61 41 54 46 25 75 66 87 82 39 36 57 38  4 50  5 77  0 20 16 62 42 73 24
 29  2 49  8 69 98 21 99 86 88 58 47 15 78 65 64 48 34 22 85  7 35 28 89
  3 79 76 95 40 72 83 59 18 56 13 14 33 44 91 97 32 90 55 12 51 31 67 10
 26 81 37 92]",800,500,0.2,30,204.36394500732425
26,379.1624746844664,"[61 41 23 54 46 48 49 72 42 24 95 76  3 89 22 32 21 98 69 99 68 45 65 47
 15 78 39 82 38 90 64 26 77 71 62 70 60  6 12 55 16 10 50  5 67 79 88  0
 20 58 57 36  4 81 19 27 34 18  7 44 33 14 13 56 35 97 43 11 84 94 75 92
 37 25 93  8 86  9 51 31  2 29 40 73 83 52 59 80 53 17 96 30 28 85 91 63
  1 74 66 87]",800,500,0.2,30,203.3724398612976
73,380.0773250391422,"[44 33  7 85 91 56 18 35 22 32 63 21 98 34 48 86  9 45 31 76 16 58 47 55
 12 60  6 62 77 50 81 11 43 74  1 41 61 54 23  8  3 89 72 83 17 96 30 70
 42 10 26 64 65 36 57 78 15 20  0  4 92 75 37 25 46 93 19 27 94 84 69 13
 14 52 59 80 53 49 79 88 39 82 90 67 51  2 29 24 73 40 95 71  5 28 97 99
 68 38 87 66]",800,500,0.2,30,203.8902101516724
61,381.01358302477655,"[60  6 12 78 57 36 39 15 55 58 16 62 42 71 77 67 79 88  4 66 75 92 46 81
 68 45  9 86 48 22 35 97 32 63 98  1 74 43 21 85  7 14 13 56  3 40 73 24
 76 90 87 82 38 25 37 93 84  8 34 28 18 33 44 91 69 11 99 51  2 29 72 83
 59 80 53 52 70 17 96 30 95 31 94 19 27 54 23 61 41 89 49  5 50 10 26 64
 65 47  0 20]",800,500,0.2,30,202.76694893836972
16,381.2746109905741,"[44 33 52 59 80 53 17 96 30 70 42 12 16 58 20 62 71 95 29  2 31 45 68 81
 93 54 23  1 43 74 41 61  9 86 84 46 25 37 75 92 66 87 82 39 36 57 15 78
 90 10 26 77 50 88 40 72 83 73 24 76 79 67  3 63 91 85 97 32 89 49 38  4
 99 11 98 21 69 64 65 47 55  0 51 48  8 34 22 28 18 14  7 13 56 35 94 27
 19  5  6 60]",800,500,0.2,30,179.28773260116577
96,383.04510447537217,"[60  6 12 36 39 82 87 38 66 75 37 92 25 54 23 84 99 11 43 74  1 21 98 89
 52 29  2 49 45 68 88 10  0 58 55 16 20  4 69 63 91 97 35 56 18 28  3 64
 90 26 67 31 24 59 80 53 83 72 42 77  5 50 79 76 95 73 40 51 22 85  7 44
 33 17 96 30 70 71 62 47 15 78 57 65  9 86 81 19 27 46 61 41 93 94  8 48
 34 32 13 14]",800,500,0.2,30,203.0821754932404
82,383.2358894878751,"[17 60  6 62  5 99 69 98 21 43  1 74 23 54 37 92 75  4 38 82 66 87 47 16
 10 88 79 76 51  3 89 28 52 59 53 80 73 29  2 49 86  9  8 48 32 18 14 13
 56 31 67 34 22 97 85 35  7 33 44 91 63 11 68 45 24 95 42 71  0 20 58 15
 78 55 12 77 50 94 93 46 25 27 19 81 40 83 72 96 30 70 26 64 90 65 57 36
 39 84 41 61]",800,500,0.2,30,204.4845974445343
78,383.7302168653946,"[50 88 79 67  9 45 68 86 18 89 14 33 44  7 28 11 54 46 27 19 90 65  0 10
 26 64 82 66 39 36 57 78 15 47 58 16 20 62 77  5  3 34 99 84 94 93 87 38
  4 69 21 43  1 74 41 61 23 51 29 24 42 70 17 30 96 60  6 76 31 63 22 32
 97 35 13 56 52 59 80 53 72 83 73 40 95 71 55 12  2 49 48  8 81 75 25 92
 37 98 85 91]",800,500,0.2,30,202.14686107635495
44,383.7509113949032,"[80 73  2 31 71 77 58 47 15 78 39 82 87 66 38 68 86 48 85 13 56 32 98 11
 46 25 37 92 54 91 33 44  7 14 18 28 35 97 43 74  1 69 99 84 93 27 19  4
 64 55 12  6 62 67 51 49  8 34  3 89 22 63 21 41 61 23 94 90 36 57 65 26
 10 79 76 95 40 83 72 70 60 17 30 96 42 24 29  9 45 81 75 88 50  5 16 20
  0 52 59 53]",800,500,0.2,30,202.6516921520233
74,386.6048240070073,"[14 85 91 63 98 69 11 25 37 92 75 27 21 43 41 61 23 54 46 93 26  5 60 17
 96 30 70 42 95  2 49  9 86  8 94 81 68 45  4 19 84 99 51 31 67 88 64 90
 38 87 82 66 39 36 57 65 20 77 48 34 22 32 28 18 89 29 24 40 52 59 83 72
 73 76 79 10  0 58 16 50  1 74 97 35  7 33 44 13 56  3 47 78 15 55 12  6
 62 71 80 53]",800,500,0.2,30,203.03623461723328
41,387.0046059348052,"[92 37 75 27 19  4 38 90 64 62 67 51  2 49  3 22 32 97 63 98 69 84 93 81
 66 87 82 39 36 57 78 47 15 65  0 10 26 50 79 31 76 95 29 33 44  7 85 91
 11 23 46 25 54 94 68 34 48 80 53 73 40 71 20 16 55 12  6 60 70 30 17 96
 42 24 89 18 28 56 86  9 45 88  5 77 58 61 41 99  8 52 59 83 72 14 13 35
 21 43  1 74]",800,500,0.2,30,204.4587206840515
97,387.8482609803093,"[85 14 56 35 97 22  3 51 29 70 17 60  6 76 67 31 86 81 19 93 46 75 66 38
 87 57 78 65 64 79 95 72 83 73 40 24  2 49 94 84 68 45  9 88 50 77  5 42
 53 80 59 52 34 48  8 69 11 41 61 23 54  1 74 43 99 71 62 12 55 10 26  0
 20 16 58 47 15 36 39 82 90  4 27 25 37 92 89 18 28 32 98 21 63 91 44 33
  7 13 30 96]",800,500,0.2,30,203.8846564292908
49,389.4655734264304,"[52 18 28 89  3 22 32 97 85 44 33  7 13 14 56 35 91 63 34 48  8 86  9 71
 62 16 58 47 64 88 11  1 43 74 23 54 25 37 90  0 20 50 67 79 76 95 40 73
 72 17 96 30 70 42 29 31 51 21 98 69 99 68 45 10 26 65 57 36 39 87 38  4
 81 93 84 59 80 53 83 60  6 12 55 15 78 82 66 75 92 46 61 41  5 77 24  2
 49 94 27 19]",800,500,0.2,30,201.9494183063507
98,389.80814556747697,"[24  2 51 31 67 64 90 82 87 38  4 26 10 62  6 12 16 20  0 47 65 50 76  9
 34 35 56 13 85 91 63  8 86 68 27 19 81 45 95 40 72 83 73 42 71 77  5 79
 49 48  3 89 18 28 97 32 22 52 59 80 53 29 94 93 84  1 43 74 23 46 25 37
 92 75 99 69 14 33 44  7 88 58 15 57 36 39 66 54 61 41 11 21 98 78 55 60
 17 96 30 70]",800,500,0.2,30,204.289098739624
68,391.1489944898024,"[36 57 47 58 16  0 20 62  6 12 55 15 78 39 82 66 87 65 67 95  2 24 83 72
 42 71 10 26 50 88 79 76 51  9 86 69 99 94 93 19 27 84 35 97 32 22 34 68
  4 38 90 64  5 77 81 75 92 46 54 11 98 63 91 85  7 44 33 80 53 70 60 17
 96 30 28 18 14 13 56 21 41 61 49 29 73 40 31 45  8 48  3 89 52 59 37 25
 23  1 43 74]",800,500,0.2,30,204.4607086181641
31,393.33832053675,"[ 6 60 17 96 30 70 42 95 29 49 31 76 79 50  5 77 10 26 64 65 20  0 88 86
  8 48 58 55 47 57 78 15 12 71 40 73 59 52  7 85 63 69 21 98 99 11 61 41
 23 54 19 81 68 72 83 24  2 51  9 45 38 87 66 82 90 67 33 44 91 97 56 18
 28 34 94 84 93 27 75 92 25 37 46 74 43  1  4 39 36 16 62  3 89 14 13 35
 32 22 80 53]",800,500,0.2,30,167.26252508163452
59,394.0732559204209,"[17 96 30 70 60  6 12 62  5 50 88  9  8 34 33 44 91 63 21  1 98 97 85  7
 13 56 35 48 51 31  2 24 42 53 80 40 95 71 77 55 15 78 57 65 64 90 86  3
 52 59 83 72 73 29 49 68 94 23 54 11 69 99 45  4 38 26 79 67 81 19 27 93
 46 25 84 74 43 22 32 28 18 14 89 76  0 47 36 39 66 75 92 37 87 82 58 16
 20 10 41 61]",800,500,0.2,30,203.31401777267456
9,394.5554313196873,"[11 99 84 93 23 41 61 21 22 89 49 29 24 73 80 53  3 34 48  8 86  9 88 50
  5 77  0 16 39 66 75 92 37 46 27 45 31 76 79 67 68 43  1 74 91 85 35 51
  2 95 90 38  4 81 19 94 32 56 13 14 33 44  7 18 28 64 36 57 78 47 55 12
  6 60 17 96 30 70 42 71 26 10 62 40 72 83 59 52 97 63 98 69 54 25 87 82
 65 15 58 20]",800,500,0.2,30,204.1768064498901
52,394.9270139783067,"[23 61 41 11  1 74 43 98 99 51 31 76 42 72 59 80 83 73 40  2  3 89 22 35
 97 32 34 48  8  9 86 64 10  5 77 45 68 69 63 18 28 56  7 44 33 14 29 71
  0 20 16 62 12  6 60 30 24 95 79 67 81 93 46 25 37 92 75 66 38 27 19 84
 21 91 85 13 52 53 96 17 70 49 94 54  4 87 82 90 65 58 55 47 15 78 57 36
 39 26 50 88]",800,500,0.2,30,177.3947629928589
85,395.4803871192877,"[66 82 39 78 15 47 65 26 45 68 98 11 23 54 46 27 19 81 88 50  5 77 71 62
 60 30 70 42 83 33 44  7 85 97  9 51 31 58 16  0 20 10 93 75 37 92 25  4
 90 79 76  2 49  3 48 86 67 64 87 38 94 84 61 41 74 69  8 34 28 56 13 14
 91 63 21 43  1 99 36 57 55 12  6 95 24 29 89 18 35 32 22 52 59 80 53 40
 73 72 96 17]",800,500,0.2,30,204.16314816474917
12,396.3148087928984,"[60 62 71 10 88 50 81 93 75 27 19 94 84 61 41 23 54 46 66 36 57 78 58 42
 53 80 28  3  9 38  4 79 31 76 67 86 34 48  8 49 24 40 73 59 89 18 14 13
 33 44  7 85 91 63 98 11 74 43  1 21 32 22 97 35 56 52 17 30 96 70  6 12
 55 47 15 39 37 25 92 87 82 90 65 20 16  0 26 64 45 68 69 99 51 95 72 83
 29  2  5 77]",800,500,0.2,30,202.4427330493927
5,398.404072826976,"[94 27 19 81 64 26 50 88 79 76 67 48 34 52 59 72 83 73 40 24  2 89 22 32
 91 21 69 86  9 31 62 60  6 71 77  5 10  0 16 15 78 57 36 47 58 20 65 90
  4 75 92 37 66 87 38 85 13 56 35 97 63 98 11 99  8  3 49 45 93 46 25 54
 23 41 61 68 51 95 42 70 17 96 30 53 80 18 28 14 33 44  7 74 43  1 84 82
 39 55 12 29]",800,500,0.2,30,188.34267449378967
37,398.5018852337202,"[17 83 24 68 63 98 21 11 84 46 75 66 36 57 78 15 55 58 16 20  0 26 81 19
 27 93 23 41 61 74 43 97 35 56 18 28 89  3  2 95 42 71 31 51  9 48  8 34
 22 32 52 59 80 53 72  5 77 12  6 62 10 50 88 79 73 40 29 49 69 99 54 25
 37 92  4 38 87 82 39 90 45 86 14 13 33 44  7 85 91  1 94 67 76 70 96 30
 60 47 65 64]",800,500,0.2,30,202.48264837265012
39,398.7873412537263,"[36 39 66  4 38  0 20 58 26 10 31 95 29 49  3 89 18 35 97 69 99 19 90 79
 76  2 24 72 83 73 40 42 71  5 77 50 64 65 62  6 60 30 80 53 59 52 28 32
 11  1 43 74 61 41 93 27 86  9  8 48 91 44 33  7 13 14 56 85 63 98 21 22
 34 67 81 75 37 92 25 46 54 23 68 45 51 47 15 78 57 82 87 16 55 12 88 94
 84 70 96 17]",800,500,0.2,30,202.88512778282168
76,402.7671171125448,"[54 23 46 84 94  4 38 90 88 79  2 29 40 73 72 17 83 49 86 28 97 56  7 85
 63 11 69 45 87 39 36 57 78 15 47 67 76 95 42  6 12 55 20 65 82 66 81 27
 19 75 25 92 37 93  8 48  3 89 18 14 13 35 32 22 34  9 71 77  5 50 10 26
 64 68 99  1 43 74 21 98 52 59 80 53 24 51 31 70 96 30 60 62 16 58  0 41
 61 91 44 33]",800,500,0.2,30,199.94484615325928
47,403.1134536175287,"[25 92 54 74  1 43 21 99 68 64 26 50 10 62  2 51 89 18 28 14  7 35 32 22
 69 84 94 93 27 19 81 63 91 97 34  9 31 67 88 16 55 15 78 57 36 39 82 66
 87 38 65  0 20 58 47 90 45 86  8 85 13 56 52 59 53 80 24 29 49  3 48 75
 37 46 23 11 83 72 70 96 42 71 77  5 79 76 95 40 73 17 30 60  6 12  4 61
 41 98 33 44]",800,500,0.2,30,204.07576966285703
1,414.1202679497853,"[96 70  6 62 77  5 50 88 51 31 76 71  0 16 20 65 90 64 26  9 48 34 32 97
 33 44 91 63 21 11 84 94 93 54 61 41 23 27  8  3 22 14  7 85 98 69 68 45
 95 24 40 73 83 72 42 55 47 15 58 10 79 67 29  2 49 86 38 87 82 66 75 25
 19 81 99 74  1 43  4 36 57 78 89 35 13 56 28 18 52 59 80 53 46 37 92 39
 12 60 30 17]",800,500,0.2,30,204.76898837089536
